GENE,cluster1,cluster2,cluster3,cluster4
ABALON,0.9999926809182869,3.827613734313295e-10,7.3186989517631335e-06,0.0
ABAT,0.6769163045026503,1.734510868397388e-05,0.3230663503886661,0.0
ABCA1,0.0032064909345281088,3.965994020567881e-05,0.9967538491252654,0.0
ABCA7,0.5986511160951803,2.8034864429086298e-05,0.40132084904039017,0.0
ABCD1,3.0286567045814863e-127,0.9999989885704962,1.0114295038190253e-06,0.0
ABCG1,2.506514956439862e-62,0.0015152568628259968,0.9984847431371744,0.0
ABLIM2,0.0,0.9999999999697415,3.025895304015151e-11,0.0
ABTB1,0.9999501955706246,2.1040372460603365e-09,4.980232533827294e-05,0.0
ACKR3,1.755660470592264e-91,0.015093030804644345,0.9849069691953559,0.0
ACOX3,0.9999990532253299,4.0024230312455605e-11,9.467346461340073e-07,0.0
ACP5,2.7317242305122296e-10,4.70237192637958e-05,0.9999529760075644,0.0
ACSM4,7.569280375053852e-28,0.0005577981994560159,0.9994422018005445,0.0
ACTA1,2.652480583693135e-231,0.010924871261924467,0.9890751287380739,0.0
ACTA2,0.9981199034117152,1.0046066100331595e-07,0.0018799961276242704,0.0
ACTC1,1.0788878727263581e-234,0.8549817360004887,0.14501826399951234,0.0
ACTN2,1.9406818112214592e-119,0.08289157199755473,0.9171084280024462,0.0
ACTN3,1.3603941635409273e-34,0.00029028841200618756,0.9997097115879933,0.0
ADAM33,1.2743268467364953e-286,0.9999999999821725,1.7826977843661202e-11,0.0
ADAMTS18,1.554395062457849e-163,0.0036947267512634483,0.9963052732487354,0.0
ADAMTS20,1.036197966800738e-61,0.00016495004411407518,0.9998350499558857,0.0
ADAMTS4,0.9999531742767803,1.890264182030653e-09,4.682383295538434e-05,0.0
ADAMTS6,0.9962438742233518,1.2575461454702762e-07,0.003756000022033396,0.0
ADAMTSL5,2.1195778291716422e-203,0.999990472556679,9.52744332110424e-06,0.0
ADCY8,1.2820722569739516e-226,0.25385831137137965,0.7461416886286186,0.0
ADGRB1,0.0,1.0,1.9924773658870535e-38,0.0
ADGRB2,1.1008005220030237e-163,0.9973526480692264,0.002647351930773505,0.0
ADGRE2,8.776549716910515e-68,0.027692737945614283,0.9723072620543867,0.0
ADGRG1,8.211338048943658e-87,0.056201753605911134,0.9437982463940872,0.0
ADGRG2,9.72531611715036e-131,0.1357365222771436,0.8642634777228556,0.0
ADGRG3,1.6797723392218358e-256,0.9954978333698188,0.004502166630182614,0.0
ADGRG7,6.450558068807233e-22,0.00019007241888699644,0.9998099275811129,0.0
ADHFE1,0.9992421612369276,3.1611066709883634e-08,0.0007578071520059165,0.0
ADRA2A,7.511111069925014e-165,0.001678039961481566,0.9983219600385178,0.0
ADRB2,2.9710134215478072e-05,5.8152101407966634e-05,0.9999121377643762,0.0
AFF3,7.512794149624119e-30,0.004664775072565279,0.995335224927434,0.0
AGAP7P,0.0011416211951825242,2.9992889362471194e-05,0.9988283859154551,0.0
AGPAT3,0.9666779214185073,1.6380771020076993e-06,0.03332044050439092,0.0
AHNAK,5.015992331076845e-34,0.0015227005975545138,0.9984772994024453,0.0
AICDA,0.9940187305054845,4.769684650141143e-07,0.005980792526050448,0.0
AJAP1,0.0,0.9870968899057948,0.012903110094204447,0.0
AKAP14,4.830525418765477e-26,0.014143961382602278,0.9858560386173976,0.0
AKR1D1,0.6040219067479785,4.6209906868161956e-05,0.3959318833451529,0.0
ALDH1A3,6.074020608129656e-302,0.9998980932686996,0.00010190673130101399,0.0
ALDH1L2,1.500010686981201e-17,2.7400862663867747e-05,0.9999725991373355,0.0
ALS2CL,3.8236367083526965e-108,0.05115154751147653,0.948848452488523,0.0
AMACR,0.9999983551277388,8.18628830294749e-11,1.644790398300233e-06,0.0
AMBP,5.145851356458775e-87,0.0021887321561836017,0.997811267843817,0.0
AMDHD1,3.680791036999856e-06,4.586127420558228e-05,0.9999504579347579,0.0
AMHR2,0.999960126727508,1.7277121663494362e-09,3.98715447799992e-05,0.0
AMN,1.3025248927810223e-107,0.0168390065368715,0.9831609934631299,0.0
ANG,0.9999935516844055,2.34611320526772e-10,6.448080983167674e-06,0.0
ANGPT2,0.9455803786323699,5.471687350116962e-06,0.05441414968027945,0.0
ANGPT4,4.414841099348646e-76,0.006232291020217908,0.9937677089797823,0.0
ANGPTL4,6.443699562849481e-27,7.906300613371697e-05,0.9999209369938655,0.0
ANK1,0.0,0.9999999999992895,7.100237134766645e-13,0.0
ANKMY1,0.9850797604393356,8.967700717580601e-07,0.01491934279059224,0.0
ANKRD19P,0.0,0.9999994435655444,5.564344572139412e-07,0.0
ANKRD44,2.749055096746504e-06,0.00010932779951990276,0.9998879231453829,0.0
ANKRD53,3.4612425941177694e-158,0.9999999976764542,2.3235466646179536e-09,0.0
ANKRD65,2.9165486955051812e-36,0.000493380204259707,0.9995066197957407,0.0
ANO1,0.0,0.9999999968086861,3.191312248958299e-09,0.0
ANO9,5.441377248343728e-86,0.002071197162673377,0.997928802837326,0.0
ANPEP,3.9661751863465963e-87,0.00452063832554156,0.9954793616744594,0.0
ANXA3,3.5860818060571936e-16,5.137817263555329e-05,0.9999486218273639,0.0
ANXA4,0.996681908822315,1.5005722209083157e-07,0.003317941120463129,0.0
AOC2,0.9999140403596904,6.430346885958889e-09,8.595320996282872e-05,0.0
AOC3,7.931752581451725e-13,7.122559493935742e-05,0.9999287744042665,0.0
AP3B2,3.464195172979218e-25,5.2726195250847225e-05,0.9999472738047492,0.0
APBB3,0.9999989576648965,4.6693236954118796e-11,1.0422884100279365e-06,0.0
APCDD1L,6.292594025867993e-162,0.29527531345463365,0.7047246865453648,0.0
APLP1,0.0,1.0,2.226295907084609e-22,0.0
APOA2,0.9999611132984021,1.235804893912843e-09,3.888546579302731e-05,0.0
APOBEC3B-AS1,4.976050163842242e-07,4.0799447215350046e-05,0.9999587029477683,0.0
APOL3,3.524941090768849e-23,0.00012751576295202686,0.9998724842370471,0.0
AQP5,0.0,0.9999999633158161,3.6684184903921366e-08,0.0
ARFGAP3,0.9999958549422627,1.9043661400224496e-10,4.1448673006092304e-06,0.0
ARHGAP22,9.211639467442331e-47,0.0001730821990998642,0.9998269178009007,0.0
ARHGAP24,0.9999974746181985,1.0671215096532444e-10,2.5252750893443222e-06,0.0
ARHGAP30,7.991350424657675e-71,0.001819596423673388,0.9981804035763263,0.0
ARHGAP40,1.6243815113396103e-242,0.6545942416384143,0.3454057583615843,0.0
ARHGDIG,1.6309095852958196e-104,0.08946576030027138,0.9105342396997271,0.0
ARL4D,0.9999988356517437,4.041991880722115e-11,1.1643078361915748e-06,0.0
ARNT2,1.952431742044896e-182,0.0259670428497049,0.9740329571502957,0.0
ARRDC3,0.9999969367082582,1.522788906056411e-10,3.0631394630617314e-06,0.0
ARRDC3-AS1,0.9999937159787838,3.26491352690605e-10,6.28369472472858e-06,0.0
ASNS,0.9998406913461616,4.944170829420879e-09,0.0001593037096677681,0.0
ATP13A5,6.88705285281857e-14,3.821674940052168e-05,0.9999617832505306,0.0
ATP8A2,1.790086136864525e-58,0.0007773391349100134,0.9992226608650906,0.0
ATP8B3,0.999872449365361,6.963423446576918e-09,0.00012754367121538862,0.0
B3GNT7,5.43436536383036e-49,0.00559782409063874,0.9944021759093608,0.0
B3GNT8,0.9999907829232636,5.094139852668449e-10,9.216567322234642e-06,0.0
B3GNT9,1.122539774025676e-293,1.0,4.2626337475331607e-17,0.0
B4GALNT1,0.0,1.0,2.5446954846110947e-22,0.0
BAIAP3,4.729466667916402e-149,0.8093183581651969,0.19068164183480285,0.0
BARX1,0.0,1.0,5.498046635498381e-41,0.0
BAX,0.993908787177241,4.2025415504317015e-07,0.006090792568603487,0.0
BBC3,4.551048636743772e-36,0.0013028742223058303,0.9986971257776935,0.0
BCAR3,2.299715417512623e-40,0.0035746905534666065,0.9964253094465323,0.0
BCL2L14,4.8665433951737534e-06,4.321838488423463e-05,0.9999519150717211,0.0
BHLHA15,0.9664270396997696,2.0039891519593664e-06,0.033570956311078946,0.0
BHLHE22,0.0,0.9999996567508397,3.432491613719891e-07,0.0
BMF,4.890598211427187e-05,5.281708394987014e-05,0.9998982769339353,0.0
BMP2,1.0900751791845025e-193,0.01479320832303443,0.9852067916769653,0.0
BMP3,0.0,0.9999993578005971,6.421994038193373e-07,0.0
BMP7,0.0,0.9999999999992006,7.98150273319207e-13,0.0
BMPER,1.3292452844944591e-182,0.05136824795379462,0.9486317520462062,0.0
BOC,3.850770091814147e-77,0.0011098781748122809,0.9988901218251871,0.0
BPIFB3,2.2604884510886277e-269,0.999556058880061,0.0004439411199382475,0.0
BPIFB4,0.0,0.9999833262593376,1.667374066387571e-05,0.0
BRD2,0.999990469732527,4.460769147847209e-10,9.529821396055546e-06,0.0
BRINP2,0.0,0.9999321379496378,6.786205036239127e-05,0.0
BST2,3.987076139969621e-05,5.161566309949548e-05,0.9999085135755006,0.0
BTBD19,0.9999982574267022,8.778978980905307e-11,1.7424855079130766e-06,0.0
BTG2,2.4453692639582294e-101,0.9999974231018014,2.5768981991704258e-06,0.0
C14orf39,0.0,1.0,8.983731789777419e-50,0.0
C16orf86,0.9990008488503358,3.495261557371719e-08,0.0009991161970487714,0.0
C19orf84,0.9619032235077912,1.6093775301837932e-06,0.038095167114678585,0.0
C1orf127,1.3769043818813452e-44,0.0019263332410038166,0.9980736667589958,0.0
C1orf162,0.9999971670971621,1.7632117126722003e-10,2.832726516845921e-06,0.0
C1orf210,1.5467365530571687e-48,0.00028435215084368615,0.9997156478491558,0.0
C1QTNF3,0.9999976946498187,1.0901523751369458e-10,2.3052411662239127e-06,0.0
C1QTNF6,4.2340091597165425e-52,0.0018311706920820865,0.9981688293079183,0.0
C20orf85,3.498078157249718e-283,0.9999814627246242,1.853727537655011e-05,0.0
C22orf42,1.903326180967431e-53,0.0007742715103370659,0.9992257284896623,0.0
C2orf50,8.23368845925913e-34,0.0002934248407604371,0.9997065751592389,0.0
C2orf72,4.0978103219020696e-178,0.007080559107265292,0.9929194408927342,0.0
C3,8.3385892130847135e-50,0.000832946189585475,0.9991670538104147,0.0
C8orf48,2.160932979205627e-06,4.3356401784570833e-05,0.9999544826652353,0.0
CA12,5.443700682684949e-74,0.0011703258456583327,0.9988296741543424,0.0
CACNG6,0.0,0.9999999915704514,8.429547268240893e-09,0.0
CADM1,0.0,0.9999955448963019,4.455103697592859e-06,0.0
CADM2,0.9999966307070398,1.6779562004422794e-10,3.369125164550718e-06,0.0
CADM3,0.0,0.9975713227513411,0.0024286772486577734,0.0
CADPS,6.786789895606702e-165,0.010047525067752226,0.9899524749322491,0.0
CALCOCO1,5.933151804905831e-147,0.9999999994799218,5.200790904522132e-10,0.0
CALY,0.0,0.9999999986145554,1.3854443536054014e-09,0.0
CAMK2N1,0.0,0.6777682582950985,0.3222317417049014,0.0
CAMKMT,0.9999963808370675,1.6138682544039635e-10,3.6190015456250023e-06,0.0
CAPN12,0.9340926175791538,2.5464932137042994e-06,0.06590483592763219,0.0
CAPN13,2.216156289831369e-36,0.0005530850341551076,0.9994469149658444,0.0
CAPS,0.9999962811614034,2.3051116106665386e-10,3.7186080853342357e-06,0.0
CAPSL,2.93777824973145e-236,0.9998633008880002,0.00013669911200155056,0.0
CARNS1,7.399024324940911e-68,0.0013763938727678123,0.9986236061272321,0.0
CASC15,5.26102019446294e-34,0.00041656038395537174,0.9995834396160439,0.0
CASC2,0.9999796749840104,7.812382269922266e-10,2.0324234751363236e-05,0.0
CASQ2,2.685357833820357e-34,0.0003800244284643511,0.9996199755715359,0.0
CBFA2T3,0.0,1.0,1.6660383735867669e-46,0.0
CBR3,1.2397811016357553e-18,0.0005132205986232395,0.9994867794013774,0.0
CCDC103,0.020230719905479647,3.855642310061456e-05,0.9797307236714196,0.0
CCDC141,0.9999798417057048,8.611677675184318e-10,2.0157433127426798e-05,0.0
CCDC159,0.9999961900598594,1.497429510430363e-10,3.8097903976099117e-06,0.0
CCDC160,0.0,1.0,7.957629391660689e-19,0.0
CCDC170,3.230326857905723e-26,4.943028197854318e-05,0.999950569718021,0.0
CCDC184,1.760362363012784e-258,0.9975270490729833,0.002472950927017797,0.0
CCDC87,0.9999856278613267,6.119019581803132e-10,1.43715267713489e-05,0.0
CCDC96,3.254665638221577e-10,0.00016648624940307735,0.9998335134251296,0.0
CCKBR,2.95270546568847e-278,0.22859046792097765,0.7714095320790223,0.0
CCNO,0.0,1.0,9.625041002740909e-18,0.0
CCPG1,0.9999978388410292,1.0159630556785408e-10,2.1610573745115284e-06,0.0
CCT6P1,0.9999927771001234,4.322092805901106e-10,7.22246766741031e-06,0.0
CCT6P3,0.9999983902700957,7.451221686347559e-11,1.609655392083474e-06,0.0
CD164L2,1.1437160740860502e-22,0.00019584828207999368,0.9998041517179206,0.0
CD177,8.406627267504908e-05,9.83361621006932e-05,0.9998175975652239,0.0
CD226,0.9999985483341792,6.908605088374584e-11,1.4515967346844784e-06,0.0
CD247,9.54482134473959e-111,0.017039861912706834,0.9829601380872934,0.0
CD70,9.223300481905841e-223,0.1710048259995917,0.8289951740004101,0.0
CD72,8.191976877229852e-25,0.00015674430613908647,0.9998432556938607,0.0
CD8B,6.48365471023622e-05,5.190262611312513e-05,0.9998832608267851,0.0
CDH11,1.2065707589976017e-62,0.0003946676026800573,0.9996053323973207,0.0
CDH15,5.19653301663928e-204,0.9999871023874564,1.28976125430337e-05,0.0
CDH20,9.106239185909151e-133,0.0012842646527013236,0.9987157353472994,0.0
CDH7,3.2589610804689877e-28,4.280201374562458e-05,0.999957197986254,0.0
CDK20,0.9999234569172242,2.745070825988069e-09,7.654033770496306e-05,0.0
CDK5,0.9483150378567294,3.492597264471877e-06,0.05168146954600692,0.0
CDKL2,0.9999357376306214,2.142369259204878e-09,6.426022700962767e-05,0.0
CDKN1A,7.500192289128413e-08,0.00015773830074350997,0.9998421866973337,0.0
CDX1,6.658101849733253e-126,0.9999102517262752,8.97482737240652e-05,0.0
CDX2,0.0,1.0,1.2236664280054807e-64,0.0
CEBPB-AS1,3.979768351376783e-07,5.941778998999023e-05,0.9999401842331747,0.0
CEBPD,1.2709447337290198e-06,3.711765146419165e-05,0.9999616114038028,0.0
CELF3,3.71645609596e-313,0.9771251682038856,0.022874831796113916,0.0
CEP19,0.9999978566310959,8.140206277358205e-11,2.1432875021002456e-06,0.0
CES3,7.758035379792671e-55,0.0006032730621076227,0.9993967269378923,0.0
CES4A,0.006557996671045346,3.360378941057622e-05,0.9934083995395447,0.0
CFAP100,2.631629824235576e-131,0.07984925374109582,0.9201507462589051,0.0
CFAP206,1.8234398998569867e-07,4.3014694484344014e-05,0.9999568029615257,0.0
CFAP45,0.0013907720186511216,4.2564126667674967e-05,0.9985666638546812,0.0
CFAP46,0.0,1.0,5.7668802884609825e-25,0.0
CFAP54,3.3928857439918795e-12,0.00011547528242651386,0.9998845247141808,0.0
CFAP57,0.0003516000282158364,3.735230982029059e-05,0.9996110476619634,0.0
CFAP73,1.2113630550095016e-80,0.0066532951413870636,0.9933467048586123,0.0
CFAP74,0.0,1.0,3.1755757302558704e-20,0.0
CFLAR,0.9999978153197794,7.809931722465235e-11,2.1846021212367904e-06,0.0
CHAC1,5.905316398794508e-11,7.313601591688864e-05,0.9999268639250293,0.0
CHD2,0.9999948620012039,3.013380740685809e-10,5.137697457970422e-06,0.0
CHGB,4.204653270648249e-223,0.07844137027325199,0.921558629726749,0.0
CHODL,0.8715022966411056,2.270665327042712e-05,0.12847499670562473,0.0
CHP2,1.007628213362023e-116,0.0075849261982326496,0.9924150738017672,0.0
CHRD,5.506785423706792e-157,0.24778699089051232,0.7522130091094881,0.0
CHRM4,6.033363111255593e-155,0.9008902202498585,0.09910977975014106,0.0
CHRNA10,0.9999969914287785,1.4792357479326375e-10,3.0084232976712605e-06,0.0
CHRNB2,1.2395664789038447e-83,0.0035521354187944797,0.996447864581205,0.0
CHRNB4,2.0028397379551276e-166,0.868862363389916,0.1311376366100826,0.0
CLDN15,0.9999921990829025,3.7917792553202193e-10,7.800537919535082e-06,0.0
CLDN16,0.9906137856277404,4.0888392048456936e-07,0.00938580548833877,0.0
CLDN18,0.9916741976715084,3.063276850031449e-07,0.008325496000806738,0.0
CLDN3,9.335698396354724e-79,0.0013099998939358698,0.9986900001060632,0.0
CLEC4A,0.9999965604329722,1.5641755334722888e-10,3.4394106103357306e-06,0.0
CLIC3,8.407135253872032e-80,0.018754236519457543,0.9812457634805427,0.0
CLIP3,0.99999332670582,2.1635505694650737e-10,6.673077825075651e-06,0.0
CLVS2,1.0392943802476855e-118,0.003023098363625692,0.9969769016363736,0.0
CMTM5,0.0,1.0,9.415735764443679e-20,0.0
CMYA5,0.9999902818686265,4.3450817887407726e-10,9.717696865248607e-06,0.0
CNGA4,2.8004148507173867e-19,5.062458329808746e-05,0.9999493754167014,0.0
CNR1,3.246968059001812e-195,0.0027269105270963877,0.9972730894729019,0.0
CNTFR,0.0,1.0,6.738589484613382e-27,0.0
CNTN2,0.0,1.0,1.7119248594623033e-22,0.0
CNTNAP3,0.9999928442937821,4.2396041764668446e-10,7.155282257317944e-06,0.0
CNTNAP5,3.210269967221452e-52,0.0002543022168863779,0.9997456977831133,0.0
COL16A1,1.1804110769972076e-125,0.9999999965484889,3.4515105647365026e-09,0.0
COL1A1,1.816460901671221e-293,0.9999999426170997,5.7382900157302296e-08,0.0
COL20A1,0.0,0.999999999999666,3.349606817238328e-13,0.0
COL23A1,2.455034922724098e-66,0.00010694778324278334,0.9998930522167573,0.0
COL2A1,0.0,1.0,3.9515478479067706e-102,0.0
COL4A6,0.0,1.0,2.5241250518474217e-25,0.0
COL5A2,4.6552910992800885e-06,3.831287590767726e-05,0.999957031832993,0.0
COL5A3,1.8812463912136e-210,0.9761603433444604,0.023839656655538312,0.0
COL6A4P2,0.999985703936446,7.182202941133424e-10,1.4295345333593484e-05,0.0
COL9A2,5.810254280021877e-45,0.0002909008757108415,0.999709099124289,0.0
COL9A3,4.627145495342647e-78,0.4363795538194058,0.5636204461805938,0.0
COLEC12,3.170779360012798e-79,0.002448636621009071,0.9975513633789912,0.0
COLGALT2,1.0429137265520067e-185,0.0019471949370735177,0.9980528050629274,0.0
COLQ,1.3330927656456229e-14,0.00020686346235819283,0.9997931365376279,0.0
CORO2B,0.9420890913046722,3.5892891002428684e-06,0.057907319406227696,0.0
COX6B2,2.101186904233534e-161,0.8597458900048365,0.14025410999516452,0.0
CPLX1,0.0,0.9999999999997726,2.2626671865515287e-13,0.0
CPZ,0.0,1.0,5.658661525500685e-18,0.0
CRB2,1.1482322603769548e-161,0.5155672997091191,0.4844327002908813,0.0
CREB3L1,1.9561603255249754e-93,0.03189659601443221,0.9681034039855666,0.0
CREB5,9.821169634309025e-181,0.012295831997798125,0.9877041680022012,0.0
CRELD2,0.9998119094280475,1.5875616880007426e-08,0.0001880746963356061,0.0
CRHBP,1.1776176633591862e-52,0.0023253958410948024,0.9976746041589051,0.0
CRIP1,5.899133939770007e-50,0.016833302391362822,0.983166697608638,0.0
CRIP2,1.1221592543878679e-80,0.5941020331977619,0.4058979668022368,0.0
CRTAC1,0.0,1.0,1.7140564418417038e-18,0.0
CRX,1.8663874629955184e-79,0.004685408378410556,0.9953145916215896,0.0
CRYM,2.2803724667277553e-26,0.000306508588674537,0.9996934914113252,0.0
CST1,2.019995364892074e-24,0.0038224684246313226,0.9961775315753686,0.0
CST2,4.337576169155656e-09,0.00019124117411423142,0.9998087544883092,0.0
CST4,3.463172924877063e-36,0.0003462621867579101,0.9996537378132421,0.0
CST5,2.219657524821458e-119,0.017408848365556003,0.9825911516344428,0.0
CTCFL,0.0,1.0,5.567050045161836e-27,0.0
CTF1,0.9999944932088695,2.2746240757752226e-10,5.506563668325808e-06,0.0
CTNNA2,2.7625126516651668e-189,0.0038299812489509576,0.9961700187510483,0.0
CTSF,1.1300536688062904e-27,0.00030692885084538795,0.999693071149155,0.0
CTSK,0.9999532041169927,2.8373485495550966e-09,4.679304565874767e-05,0.0
CXCL12,3.197204424467962e-113,0.13643738601118338,0.863562613988815,0.0
CXCL16,2.920382737486895e-254,0.9999477249457772,5.227505422453997e-05,0.0
CXCL17,1.196041053210023e-103,0.006367400488109871,0.9936325995118889,0.0
CXCR4,0.0,0.9999733692610323,2.6630738967047104e-05,0.0
CYP26A1,0.0,0.9999999999998224,1.7675453693032895e-13,0.0
CYP2B6,9.788739243339117e-30,8.093254088329947e-05,0.9999190674591176,0.0
CYP7B1,3.6845049863986334e-08,3.617247759421124e-05,0.9999637906773557,0.0
CYTL1,2.608685109644203e-187,0.9970817415792754,0.002918258420723871,0.0
DACT2,7.536754608626921e-57,8.894048775774869e-05,0.9999110595122425,0.0
DAW1,4.1520519590852054e-24,6.650761791464676e-05,0.999933492382086,0.0
DCDC1,2.698463975197179e-33,0.00031977065605097346,0.9996802293439492,0.0
DCLK3,1.734724350773855e-58,0.0019079055373383597,0.9980920944626612,0.0
DEFA6,1.3231748669734843e-130,0.13736644490187774,0.8626335550981237,0.0
DENND2D,1.0758975473632782e-87,0.016434358367622092,0.983565641632379,0.0
DENND6B,0.0007700499316490051,0.00010482386911366427,0.9991251261992373,0.0
DEPDC7,7.333655264711913e-09,3.242401744955781e-05,0.9999675686488944,0.0
DGKB,0.999994263501279,3.1327519291085215e-10,5.736185445937587e-06,0.0
DGKG,9.595708025252092e-261,0.8255020080586403,0.1744979919413597,0.0
DGKK,0.0,1.0,7.46882563755282e-104,0.0
DGKQ,1.0030787317628504e-05,0.00011822264315428602,0.9998717465695279,0.0
DHRS2,1.209314607350896e-22,0.00021813787052043086,0.9997818621294796,0.0
DISP2,2.6163302953658468e-52,0.007599912548772416,0.9924000874512267,0.0
DLEC1,1.140574566974799e-25,0.0005550761611737572,0.9994449238388263,0.0
DLEU7,1.2553040447315988e-41,0.0005980491482013702,0.9994019508517981,0.0
DLGAP1-AS1,0.9999522554626921,4.340539413964111e-09,4.774019676841199e-05,0.0
DNAAF3,0.0,1.0,9.017402151766915e-21,0.0
DNAH11,2.4655239404327526e-96,0.00015018254946721598,0.9998498174505333,0.0
DNAH7,0.9951752136531805,1.2608786031607345e-07,0.004824660258958802,0.0
DNAH9,9.845490865560353e-22,0.00013344154912413184,0.9998665584508766,0.0
DNAI1,5.616728676963921e-12,5.88635719845003e-05,0.999941136422398,0.0
DNAI2,2.7659338972230737e-64,0.0011514042157017765,0.9988485957842986,0.0
DNAJB13,0.9999643091909232,2.2078910039056253e-09,3.568860118577555e-05,0.0
DNAJC25,0.9999988676635827,5.2050403809970135e-11,1.1322843670634143e-06,0.0
DNALI1,0.9999893581583258,3.8077785598726613e-10,1.064146089640325e-05,0.0
DNASE1L3,3.358020631233096e-67,0.00364934344541823,0.9963506565545813,0.0
DNER,4.735335710942911e-264,0.00539397766540726,0.9946060223345935,0.0
DNM3,2.662250830979329e-20,6.306515623002822e-05,0.9999369348437708,0.0
DOK3,0.9999845708908889,1.0100570932419466e-09,1.5428099054051913e-05,0.0
DPPA2,0.9992200273526854,4.5466331573794354e-08,0.0007799271809827854,0.0
DPY19L1P2,0.9999956175307245,2.1742150550708986e-10,4.382251854028366e-06,0.0
DQX1,1.0597383951731132e-114,0.9983439210229503,0.0016560789770508723,0.0
DRC1,0.0014845011275126565,4.779616228198869e-05,0.9984677027102056,0.0
DRC7,3.29184534809743e-263,0.895703433885279,0.10429656611472209,0.0
DRD2,0.0,0.9971161512095698,0.002883848790428913,0.0
DRP2,0.0,1.0,7.870838723552382e-21,0.0
DUOX1,0.0,1.0,1.111184561593349e-28,0.0
DUSP18,0.0024213028454942173,0.00010582294572413964,0.9974728742087816,0.0
DUSP4,1.5795876833557366e-247,0.9999660079406221,3.399205937834493e-05,0.0
DYNC1I1,2.715248543808024e-35,0.00035110721034485636,0.999648892789655,0.0
EBF3,0.0,1.0,3.089864188706926e-49,0.0
ECM1,0.9999986682979863,5.998877664453153e-11,1.331642025081951e-06,0.0
EDA2R,4.6784779492641366e-52,0.7154086881121331,0.28459131188786524,0.0
EFEMP1,3.6762012763508594e-89,0.0006665730516681465,0.9993334269483324,0.0
EFEMP2,0.9995244461703672,2.2633226274766997e-08,0.00047553119640629684,0.0
EFHB,0.999994857965433,3.253760267482451e-10,5.141709190839135e-06,0.0
EFHC2,7.572620540299958e-183,0.9999999999793729,2.06256847985189e-11,0.0
EFHD1,1.56419797569283e-154,0.010907596959609505,0.9890924030403908,0.0
EFNB2,2.155705928767834e-121,0.001010549724016009,0.9989894502759841,0.0
EGF,3.1549489772454237e-23,0.0031321487273257313,0.9968678512726732,0.0
EGFLAM-AS4,1.6638806149969518e-154,0.23613013781963546,0.7638698621803646,0.0
EHD2,5.145757087332029e-25,0.00035117393505919585,0.999648826064941,0.0
EID3,0.9999978101508701,1.0427516246191098e-10,2.1897448546800466e-06,0.0
ELF3,7.717153021937753e-17,0.000134831397390638,0.9998651686026089,0.0
ELMO1,4.193053017609176e-59,0.0012827706713372594,0.9987172293286632,0.0
EMBP1,2.3881523034378635e-29,0.0001782317306504228,0.9998217682693501,0.0
EMX2OS,0.0,1.0,1.7770367129471818e-70,0.0
ENKUR,0.9999970999276849,1.4324662552488514e-10,2.8999290685588587e-06,0.0
EPAS1,3.483957743237662e-136,0.9984517174308315,0.0015482825691684838,0.0
EPB41L3,1.5067526819474685e-34,0.0001868148775026464,0.9998131851224975,0.0
EPHB1,2.259197090196853e-118,0.0017425303361233964,0.9982574696638766,0.0
EPOR,1.3609718323706605e-07,9.407636440189512e-05,0.999905787538414,0.0
EPS8,2.582506336987516e-102,0.0011384978060666854,0.9988615021939348,0.0
EPS8L2,5.4579896698678555e-46,0.0026518759354162355,0.9973481240645846,0.0
ERMN,0.5115214303582449,2.24123980201316e-05,0.48845615724373415,0.0
ERN2,8.154549385755835e-170,0.1793779011146699,0.8206220988853298,0.0
ERO1B,3.755880088754385e-30,0.0003395502361825336,0.999660449763818,0.0
ERRFI1,5.097564774706639e-61,0.00016759138847682376,0.9998324086115237,0.0
ESRRG,2.9137481697490694e-10,9.769717393201514e-05,0.9999023025346927,0.0
ETV3L,1.418853434122398e-54,0.0020296601978474576,0.9979703398021521,0.0
EVX1,0.0,1.9282564793664565e-121,0.0,1.0
EVX1-AS,0.0,4.906699635481464e-119,0.0,1.0
EWSAT1,2.5830236915565836e-65,0.012687087238847244,0.987312912761152,0.0
F10,2.2500715157484493e-225,0.9999999970782376,2.921761922911636e-09,0.0
F13A1,3.8353731802620086e-118,0.0012888909034124184,0.9987111090965877,0.0
FA2H,4.1728199215190877e-153,0.023368994263541946,0.9766310057364591,0.0
FAM110C,4.872082278508692e-124,0.014514884904239361,0.9854851150957602,0.0
FAM124B,0.0019238492449546655,6.675994031625573e-05,0.9980093908147297,0.0
FAM13B,0.9999990682265383,3.842167062013786e-11,9.317350403313569e-07,0.0
FAM174B,1.1112156628326506e-32,8.46466471529819e-05,0.999915353352848,0.0
FAM184A,0.87351209723149,1.1094652232824127e-05,0.12647680811627734,0.0
FAM189A2,5.70546342160567e-141,0.013626668810833345,0.986373331189166,0.0
FAM205C,3.094121537033996e-257,0.9999653072412003,3.469275879853617e-05,0.0
FAM20A,1.4714614391036241e-111,0.0015462314566826697,0.9984537685433176,0.0
FAM214A,0.9990893014991666,3.730786159257562e-08,0.0009106611929722902,0.0
FAM214B,0.9999935965671481,2.266835593277938e-10,6.4032061681414125e-06,0.0
FAM222A,7.203711071327258e-261,0.9999361985527062,6.380144729273217e-05,0.0
FAM43A,6.376596274196668e-23,0.0005084034192650001,0.9994915965807355,0.0
FAM47E,0.9999900275049604,3.6486251800455403e-10,9.972130177181428e-06,0.0
FAM78A,6.251936965077506e-74,0.08963601539954015,0.9103639846004585,0.0
FAM83A,6.341400416224625e-56,0.001196878679215756,0.9988031213207841,0.0
FAM89A,4.7416404889495145e-102,0.8997550375912243,0.10024496240877669,0.0
FAM95C,0.8162174999242534,9.981909337783996e-06,0.18377251816640922,0.0
FAS,0.9984383556277557,8.15891708704203e-08,0.001561562783073327,0.0
FBLN5,2.704711426326251e-38,0.0031040852298451385,0.9968959147701548,0.0
FBLN7,1.0454640589690789e-23,7.937097919287332e-05,0.9999206290208074,0.0
FBXL8,0.0,1.0,8.129689886682104e-27,0.0
FBXO43,0.9999897485330896,4.130466299481914e-10,1.0251053863558918e-05,0.0
FERMT3,0.9999963274410485,1.7698914320598116e-10,3.672381962395566e-06,0.0
FES,0.9997190342649042,2.235223002513921e-08,0.0002809433828660807,0.0
FGF18,1.2849862878739962e-18,0.00013073948205115054,0.9998692605179494,0.0
FGF19,0.0,0.9999999999999751,2.521902656930988e-14,0.0
FGF8,7.4e-323,0.9999999999017746,9.82263040174164e-11,0.0
FGFR3,0.0,0.9999999999999964,1.9505037604084637e-15,0.0
FGFRL1,2.852140088848095e-136,0.999997167921211,2.8320787902562998e-06,0.0
FHAD1,1.5441968283731267e-123,0.012165470033718699,0.9878345299662811,0.0
FLRT3,0.999989195008185,4.32781880118676e-10,1.0804559033125908e-05,0.0
FLVCR2,1.3751017862009349e-56,0.0017146750481449786,0.9982853249518546,0.0
FMN2,8.890105996854087e-159,0.007486530246566413,0.9925134697534332,0.0
FMO4,0.9998684827302371,5.503148011698353e-09,0.00013151176661485694,0.0
FN1,3.9503803213189116e-193,0.006553548061650892,0.9934464519383479,0.0
FNDC4,4.839496896133793e-65,0.002616630806834905,0.9973833691931648,0.0
FNDC7,1.0966062161811416e-07,7.370828455531358e-05,0.9999261820548225,0.0
FOLR1,0.9347083868103254,2.227655795735644e-06,0.06528938553387902,0.0
FOSL1,1.8114475117935278e-56,0.005573416023493737,0.9944265839765054,0.0
FOXA1,0.0,1.0,2.7324336101994537e-61,0.0
FOXG1,0.0,1.0,8.122480662265696e-27,0.0
FOXI2,5.889034468126386e-218,0.30230729233969816,0.6976927076603029,0.0
FOXJ1,1.514042985566997e-206,0.8889087423650579,0.11109125763494304,0.0
FOXO6,0.0,0.999999999999968,3.310698661240744e-14,0.0
FREM1,1.2147076002492208e-06,9.276838337241737e-05,0.9999060169090281,0.0
FRMPD4,8.43852652688946e-267,0.9999999120245849,8.79754150609632e-08,0.0
FRRS1L,4.034514095777984e-196,0.07706055508625687,0.9229394449137432,0.0
FSHR,0.9999893081713663,4.585865247027566e-10,1.0691370047155341e-05,0.0
FST,3.316466432520547e-208,0.06455825863824857,0.9354417413617528,0.0
FSTL5,8.237285273975524e-15,8.720255884694337e-05,0.9999127974411457,0.0
FUT3,9.964448042158643e-109,0.011935848940920377,0.9880641510590812,0.0
FZD5,3.035942173600543e-29,0.0005539678257477098,0.9994460321742515,0.0
FZD8,3.8141136874896374e-87,0.000394401537183154,0.9996055984628169,0.0
GAB2,0.9992919495724902,2.156336853208989e-08,0.0007080288641410725,0.0
GABRD,0.0,1.0,4.208830198474442e-22,0.0
GAD1,0.0,0.9999999999999858,1.4402395763309377e-14,0.0
GAL3ST4,1.8566471827692018e-28,0.0001903462248043864,0.999809653775195,0.0
GALR2,2.765725841905106e-97,0.01588921190698956,0.984110788093009,0.0
GAP43,2.0308490502510342e-134,0.02751774232626606,0.9724822576737341,0.0
GAPLINC,0.9999275423299504,3.37669554732877e-09,7.245429335408471e-05,0.0
GAS2L1,2.4197639675922977e-17,7.450992477964704e-05,0.9999254900752212,0.0
GBX2,0.0,1.0,1.2055257155473131e-39,0.0
GCK,1.0235606498557639e-57,0.001510017424711626,0.9984899825752882,0.0
GCNT3,3.8127437038078155e-49,0.0007540482231678713,0.9992459517768313,0.0
GCNT4,0.9979463457601074,3.756643698572447e-07,0.0020532785755230025,0.0
GDA,0.996715096922313,2.6642254657168074e-07,0.0032846366551404784,0.0
GDF10,0.0,0.9986954725943333,0.0013045274056675705,0.0
GDF15,3.5203974401399756e-49,0.0007782106467391186,0.9992217893532608,0.0
GDNF,0.0,0.9999973475573297,2.6524426703199406e-06,0.0
GGN,2.559409394375809e-218,0.9999774322194716,2.2567780528828107e-05,0.0
GIPR,1.1668772204240144e-206,0.9793273763046721,0.020672623695328532,0.0
GJA4,2.5888822127531826e-101,0.00368563985460283,0.9963143601453973,0.0
GJB3,1.6060862827743102e-212,0.5660328826001833,0.4339671173998163,0.0
GJB5,0.0,0.9999999934859112,6.514089912688106e-09,0.0
GJD3,3.091370677654743e-20,0.00011852962482228148,0.9998814703751773,0.0
GLIPR1L1,2.4040796209472014e-22,8.184506920478234e-05,0.9999181549307954,0.0
GLIS3-AS1,0.999649350074927,2.5983500885505735e-08,0.0003506239415719597,0.0
GLYATL2,8.519764736026068e-06,8.470572006962325e-05,0.9999067745151936,0.0
GPC4,0.0,1.0,1.429866742527444e-56,0.0
GPCPD1,0.9999989987369736,4.429920729566296e-11,1.0012187270616457e-06,0.0
GPM6A,0.9995607272604216,1.679705220739852e-08,0.00043925594252650616,0.0
GPR141,1.5982909384690338e-28,0.001264698453797021,0.9987353015462037,0.0
GPR151,0.9999712391434796,1.4216246697532045e-09,2.8759434895973302e-05,0.0
GPR162,1.2594446475716098e-80,0.005492613330633686,0.9945073866693661,0.0
GPR35,0.9853803388226207,1.0276645000167898e-06,0.01461863351287891,0.0
GPR37,9.246645188601423e-146,0.00897820455925486,0.9910217954407465,0.0
GPRC5C,2.092125868381809e-52,0.0002799706728657712,0.9997200293271337,0.0
GPX2,0.9999987095999526,5.540272234556061e-11,1.2903446447372934e-06,0.0
GPX3,4.6071384420490444e-07,6.702136675104759e-05,0.9999325179194049,0.0
GRHL3,9.589147637557225e-199,0.775593346709515,0.2244066532904834,0.0
GRID1,0.0,0.9999999999899778,1.0023327774997626e-11,0.0
GRIK2,2.2615302152941836e-259,0.977958733063535,0.02204126693646426,0.0
GRM1,1.5100522007471081e-116,0.000160525254628594,0.9998394747453718,0.0
GRM3,3.057286495912038e-91,0.0025340317551565024,0.9974659682448441,0.0
GRM4,0.0,1.0,5.915562728783713e-31,0.0
GSDMC,0.9999965669284158,1.6324524319949578e-10,3.432908338843981e-06,0.0
GUCY1A2,7.287505443129834e-111,0.0005146968346242768,0.9994853031653754,0.0
GUCY2D,9.397600205724874e-295,0.997776242565423,0.0022237574345765404,0.0
HAS2,8.431743690460444e-52,0.00030487759980018397,0.9996951224002006,0.0
HAS3,1.3530453885227265e-56,0.0010659748368080809,0.9989340251631924,0.0
HBEGF,0.030815311496549327,3.774983862500017e-05,0.969146938664825,0.0
HECW1,0.0,0.9897355495161765,0.010264450483822175,0.0
HENMT1,0.9768358278266799,1.2927139892438967e-06,0.02316287945933145,0.0
HERC5,5.819907323127866e-14,0.00011554135138428427,0.9998844586485575,0.0
HESX1,4.1117718574773517e-13,0.00022791020985619853,0.9997720897897323,0.0
HEY1,8.860369629162952e-116,0.02371428212792581,0.9762857178720739,0.0
HGF,5.972704477710357e-13,0.0008544262361528413,0.9991455737632503,0.0
HIVEP3,5.3111215890656904e-15,0.00012767298072757143,0.9998723270192674,0.0
HLX,0.0,1.0,1.878656649678245e-43,0.0
HMCN1,1.1014660061693039e-66,0.00023004803056340663,0.9997699519694369,0.0
HMCN2,4.1830804012145e-310,0.976832391492042,0.023167608507956575,0.0
HNF1B,0.0,1.0,4.931138060443583e-49,0.0
HNF4A,1.1401713204373364e-53,0.00028224761779536945,0.9997177523822037,0.0
HOGA1,0.9912443838884155,3.5490592106397615e-07,0.008755261205663065,0.0
HOXA1,0.0,8.847662231895643e-234,0.0,1.0
HOXB1,0.0,2.3763392278048542e-290,0.0,1.0
HPGD,8.657751633146501e-34,0.00029626890688512134,0.9997037310931146,0.0
HPGDS,0.9999900092636914,3.7179010336056837e-10,9.990364518575957e-06,0.0
HPSE2,0.0,0.0975881836796154,0.9024118163203831,0.0
HS3ST2,8.640803686106282e-143,0.01657842655734605,0.9834215734426527,0.0
HSD17B14,0.9999526219868071,2.3634328145128016e-09,4.7375649760221484e-05,0.0
HSF4,0.0,1.0,2.217754617448912e-20,0.0
HSPB8,7.353158119559968e-36,0.00030602077443114985,0.9996939792255682,0.0
ICAM1,1.3018830524811726e-82,0.011481354877816725,0.9885186451221839,0.0
IDUA,2.2255645173665448e-20,0.0030886253793297735,0.9969113746206708,0.0
IFI16,0.9266032113113036,4.326079416728278e-06,0.07339246260927927,0.0
IFIH1,0.9993926469058632,3.411563203459388e-08,0.000607318978504543,0.0
IFRD1,0.9999976991328139,1.008496526874786e-10,2.300766336415008e-06,0.0
IFT46,0.9999922358530267,5.752606245270159e-10,7.763571712585547e-06,0.0
IGDCC4,5.201022926468553e-84,0.0010224955608695802,0.9989775044391305,0.0
IGFBP5,1.1916517064643057e-198,0.49667017792142315,0.503329822078578,0.0
IGFBP6,7.717587643100204e-16,0.0006592391116999464,0.9993407608882999,0.0
IGSF10,0.9968357263960758,2.3992728252018834e-07,0.003164033676642053,0.0
IGSF21,0.0,1.0,5.211894123440906e-35,0.0
IKZF3,1.9130727215306024e-278,0.9995478978964794,0.0004521021035214687,0.0
IL11,2.30754e-318,0.9999873700921316,1.2629907868822631e-05,0.0
IL17B,2.87129984910406e-14,0.00012576017155494453,0.9998742398284164,0.0
IL1R1,0.25113240475323545,3.0111246968362133e-05,0.7488374839997958,0.0
IL6R,1.4924047552697517e-12,0.00016533268997383476,0.999834667308534,0.0
ILDR2,0.0,0.9915147021712738,0.008485297828727714,0.0
INA,1.2959502326422233e-233,0.004485350958077933,0.9955146490419223,0.0
INHBE,0.000749710681069723,5.5482989932272116e-05,0.9991948063289984,0.0
INO80,0.9999990614613895,3.847054810609557e-11,9.385001400528183e-07,0.0
INPP5D,9.748047147729735e-23,0.00024070304234258307,0.9997592969576573,0.0
IQCA1,5.337829282331244e-44,0.00013964311508927568,0.9998603568849114,0.0
IQCD,0.9999983722866728,5.920329483244013e-11,1.6276541240061966e-06,0.0
IQUB,1.9343297248311406e-12,5.812914048238608e-05,0.9999418708575831,0.0
IRX3,0.0,1.0,4.187488936317392e-20,0.0
IRX5,0.0,1.0,8.422043564990767e-27,0.0
ISG20,0.9998173780429178,9.844965363276637e-09,0.00018261211211669109,0.0
ISLR,1.465061528901387e-231,0.9999855871312199,1.4412868780859806e-05,0.0
ISLR2,0.0,0.9999999998892193,1.1078160468677662e-10,0.0
ISM1,6.954673832450257e-196,0.9976316916088371,0.0023683083911639822,0.0
ITGA9,9.5187735e-317,0.9885083231699603,0.011491676830039328,0.0
ITGB3,1.3114498022512483e-84,0.018441268008276307,0.9815587319917225,0.0
ITGB8,1.433898051411658e-18,3.7626625773393765e-05,0.9999623733742273,0.0
ITIH4,4.033723460483174e-30,0.0003796049469578776,0.9996203950530429,0.0
ITIH5,3.6016450505341175e-264,0.999992479537677,7.52046232196409e-06,0.0
ITPKB,9.445842960842318e-07,0.0002709313409687682,0.9997281240747359,0.0
IVNS1ABP,0.9999991160366067,3.93422697590365e-11,8.83924051009464e-07,0.0
IZUMO4,0.999994706383897,2.531244912265858e-10,5.293362978607345e-06,0.0
KANK3,1.987060433247786e-220,0.9996832834794386,0.00031671652056114923,0.0
KANK4,1.3584069396409755e-98,0.0487391801497378,0.9512608198502615,0.0
KCNB1,0.0,1.0,1.1847752993423076e-47,0.0
KCND1,3.666013046445034e-54,0.6518881004908015,0.34811189950919963,0.0
KCNF1,2.7096104912514566e-283,0.99166332821695,0.008336671783050545,0.0
KCNH5,4.981819906622155e-198,0.02022144117307199,0.9797785588269264,0.0
KCNJ10,0.0,1.0,5.689885356905579e-22,0.0
KCNJ12,1.2179998576584948e-298,0.9999998629114432,1.3708855711647426e-07,0.0
KCNJ14,0.9999981020079654,8.321691553259868e-11,1.8979088178274605e-06,0.0
KCNJ2,1.185101973848917e-31,7.60534492012464e-05,0.9999239465507987,0.0
KCNJ2-AS1,9.784839734479817e-32,7.440641075979412e-05,0.9999255935892395,0.0
KCNJ5,0.0,0.9999999999998899,1.0937194893836524e-13,0.0
KCNK12,0.0,0.9994320482892994,0.0005679517107013678,0.0
KCNQ5,4.290387643848915e-69,0.02856603746727118,0.9714339625327285,0.0
KCNS1,1.1025433941648983e-204,0.3670654488051003,0.6329345511948986,0.0
KCNV1,6.289044993938175e-63,9.426908381410383e-05,0.9999057309161857,0.0
KDR,2.0097609148885218e-75,9.257864501667491e-05,0.9999074213549836,0.0
KIAA0319,7.074826933350947e-39,0.0001526433115366417,0.9998473566884626,0.0
KIAA0895,2.8828584153755647e-33,0.0033251654717843153,0.9966748345282166,0.0
KIF19,0.0,1.0,9.546630903243052e-44,0.0
KIF26B,6.393146726630373e-161,0.007184076803702679,0.9928159231962975,0.0
KIRREL2,0.0,0.9999999999999964,5.191935915310883e-15,0.0
KLF5,1.3800543248566442e-23,0.000184002253778698,0.9998159977462205,0.0
KLF8,5.684364959738661e-53,0.4685427685503977,0.5314572314496012,0.0
KLF9,1.859214401158544e-29,0.00638101991613033,0.9936189800838683,0.0
KLHDC7A,5.5961692001744774e-160,0.9910588789370957,0.008941121062904622,0.0
KLHDC8A,3.79819364479781e-113,0.014677673806354085,0.9853223261936466,0.0
KLK6,7.400696913772251e-211,0.979402489552343,0.020597510447656415,0.0
KLK7,2.2514582150486703e-118,0.2767625575728688,0.7232374424271304,0.0
KLRG2,1.2634419706156515e-180,0.0638763780539557,0.9361236219460448,0.0
KRT16P2,0.9999846766043375,8.419729937744124e-10,1.532255368958896e-05,0.0
KRT17,1.1919416640452966e-117,0.709217358023061,0.2907826419769381,0.0
LBH,4.137381278344071e-33,0.0014002113826912367,0.9985997886173095,0.0
LCN12,1.6672086935477586e-19,0.0001404656107585538,0.9998595343892409,0.0
LDHD,0.0015055857574142455,8.147534479172488e-05,0.9984129388977939,0.0
LDLRAD4,4.078428825845625e-153,0.7171153818640215,0.28288461813597876,0.0
LEAP2,0.9999982801144529,9.47597834233359e-11,1.7197907873588815e-06,0.0
LEF1,1.357092723e-315,0.9999454383096117,5.456169038976324e-05,0.0
LFNG,5.093976138938355e-184,0.9999999999700364,2.996226906101361e-11,0.0
LGALS3BP,0.9999198027852234,3.563046326522841e-09,8.019365173020025e-05,0.0
LHFPL2,2.525906257782654e-65,0.0008195981252222944,0.999180401874777,0.0
LHFPL3,7.238142391313235e-143,0.0004271280405513535,0.9995728719594478,0.0
LHX5,0.0,1.0,6.410753461040478e-32,0.0
LIFR,5.108630387455565e-19,7.586769068206601e-05,0.9999241323093184,0.0
LINC00261,0.0,1.0,2.481758423341727e-123,0.0
LINC00304,5.693642370737607e-220,0.9999999999930793,6.919616659193478e-12,0.0
LINC00342,0.9999959041366155,2.2015771066620201e-10,4.0956432266708655e-06,0.0
LINC00469,9.703633562633428e-228,0.9858753581364882,0.01412464186351182,0.0
LINC00479,0.0,1.0,1.037375499137e-16,0.0
LINC00482,1.8663165211103344e-87,0.2570412728547844,0.7429587271452174,0.0
LINC00607,0.9841155708579579,6.218285793715547e-07,0.015883807313462738,0.0
LINC00836,0.996626411533521,1.7463192625516163e-07,0.0033734138345527776,0.0
LINC00861,1.3731643258566515e-06,8.004196294813566e-05,0.9999185848727262,0.0
LINC00877,2.73461750699771e-255,0.999880329641782,0.00011967035821859286,0.0
LINC00910,0.9999878238445881,5.30492186873092e-10,1.2175624919498469e-05,0.0
LINC01122,0.0004404450247143696,7.829984689752268e-05,0.9994812551283873,0.0
LINC01239,0.9999910665829557,4.66308711000615e-10,8.932950735652086e-06,0.0
LINC01426,2.645551695109902e-59,0.0013391015467273835,0.9986608984532725,0.0
LINC01465,0.9999961453318991,1.9025526529641888e-10,3.85447784560623e-06,0.0
LINC01487,0.9999929837312733,3.4087388249144345e-10,7.015927852897856e-06,0.0
LINC01612,0.9939524799859676,2.6635878740359395e-07,0.006047253655245039,0.0
LINC01630,1.2987360344467542e-06,7.041996547594927e-05,0.9999282812984892,0.0
LINC01695,0.9998858535804327,6.7683488593689695e-09,0.00011413965121855938,0.0
LIPA,0.9999951976515904,2.0168971322584826e-10,4.80214671983581e-06,0.0
LIX1L,5.739644250915101e-13,0.0003972671024770586,0.9996027328969488,0.0
LMCD1,0.00015436565287636162,3.854177165789465e-05,0.9998070925754657,0.0
LMNTD2,9.267676560089471e-112,0.02514192380355882,0.9748580761964428,0.0
LMO2,0.0,1.0,2.4715421517986276e-27,0.0
LMO7,0.9999961496718881,2.1128768613599376e-10,3.850116824196584e-06,0.0
LMOD1,1.0886700320164351e-32,9.219704638603181e-05,0.9999078029536141,0.0
LMOD2,1.6497848815044463e-29,0.00023411514020318962,0.9997658848597967,0.0
LMX1B,0.0,1.0586979051333446e-32,9.981346744952743e-236,1.0
LOC100128076,3.3412935437269204e-37,0.00198752591009507,0.9980124740899056,0.0
LOC100129291,2.230377518844958e-147,0.9999920060763812,7.99392361834585e-06,0.0
LOC100288637,0.9999976415701939,1.14678253081601e-10,2.358315127830146e-06,0.0
LOC100420587,2.39938739490214e-47,0.001374057487599925,0.9986259425123989,0.0
LOC100506124,0.9999985982233145,7.569642078736e-11,1.4017009890086047e-06,0.0
LOC101927708,0.0031208811779136485,7.24220838397311e-05,0.9968066967382462,0.0
LOC101928441,0.9986658328322204,8.423319037627801e-08,0.0013340829345894706,0.0
LOC101929550,0.9971399751388093,4.0744782728207443e-07,0.0028596174133635344,0.0
LOC102724562,7.91033153450644e-43,0.00011805341156740906,0.9998819465884331,0.0
LOC105371267,0.9999610862956017,1.302497282490049e-09,3.8912401901054296e-05,0.0
LOC105374060,2.080989434638072e-06,6.0128035436803866e-05,0.9999377909751279,0.0
LOC442132,0.9999852942506314,8.141257434256557e-10,1.4704935242931747e-05,0.0
LOC646762,0.9999892245265555,4.3358986586174323e-10,1.0775039854678163e-05,0.0
LOC729218,1.3578717478174359e-05,3.7928014349539033e-05,0.9999484932681725,0.0
LONRF3,8.49010817444e-313,0.9999999999991722,8.272922696548029e-13,0.0
LOX,1.1470694539375992e-34,7.925864806021529e-05,0.9999207413519401,0.0
LPAL2,0.4426821619743012,1.9761950058118672e-05,0.5572980760756404,0.0
LPAR3,2.957025915132288e-98,0.07099344047857105,0.9290065595214299,0.0
LRFN2,0.0,0.9999999999999503,4.839857342686662e-14,0.0
LRG1,1.066393105137535e-85,0.02260308500228848,0.9773969149977104,0.0
LRIG3,3.6258904473514813e-29,8.671702629067049e-05,0.9999132829737095,0.0
LRP10,0.9999730478749185,1.8689845727461666e-09,2.6950256097077245e-05,0.0
LRP1B,2.162194228049137e-91,0.0008380532985433502,0.9991619467014557,0.0
LRP4,3.308820997276094e-49,0.00013972578935230855,0.9998602742106476,0.0
LRRC23,0.9999923944846877,3.2847013447375404e-10,7.605186842118092e-06,0.0
LRRC25,2.3487642446784085e-27,0.00013462737125479287,0.999865372628746,0.0
LRRC37A11P,3.66942826198506e-87,0.0010775304390203487,0.998922469560979,0.0
LRRC37B,0.9999969311968241,1.100481218396353e-10,3.0686931279761967e-06,0.0
LRRC43,8.517393664943152e-17,9.937832706217259e-05,0.9999006216729386,0.0
LRRC56,1.0140156515801358e-19,0.0001365348151177214,0.9998634651848829,0.0
LRRC73,1.1423239897479458e-13,0.00019265504105724313,0.999807344958829,0.0
LRRC9,6.075904026094641e-52,0.0002411619808066442,0.9997588380191935,0.0
LRRN4,5.762398558846101e-45,0.00018147070407711015,0.9998185292959231,0.0
LTC4S,0.999872397165167,5.9874821445675905e-09,0.0001275968473509506,0.0
LUZP2,2.1582150962403474e-51,9.591585834222364e-05,0.9999040841416574,0.0
LYG1,0.9999980849486824,9.282009280440904e-11,1.914958497678543e-06,0.0
LYPD6B,6.635865804799897e-64,0.000253616340719432,0.9997463836592814,0.0
LYST,0.9998763562764889,3.76608182374936e-09,0.00012363995742934705,0.0
MAF,4.498422578671448e-47,0.007178580489486449,0.9928214195105121,0.0
MAFA,0.0,0.9999999999960281,3.970906900184072e-12,0.0
MAGEL2,8.771077162710985e-36,0.00013283573616949855,0.9998671642638302,0.0
MALL,3.7472116546369376e-50,0.0007073785688319285,0.9992926214311676,0.0
MAMDC2,9.613625982327373e-41,0.005492827607115837,0.9945071723928842,0.0
MAOA,2.925658987570702e-84,0.9951722633458743,0.004827736654127332,0.0
MAP1A,1.1215674544591701e-16,0.0001513191601851796,0.9998486808398152,0.0
MAP1LC3A,0.9999957955202897,2.0722586419989927e-10,4.20427248453965e-06,0.0
MAP2K4P1,1.0933842078875243e-106,0.9997223000980986,0.0002776999019022973,0.0
MAP3K5,6.547821086679486e-14,0.0008490628248278585,0.9991509371751067,0.0
MAP6,0.0,0.01616186303976127,0.983838136960238,0.0
MAPK10,0.9999501741412612,2.916148591392363e-09,4.982294259051481e-05,0.0
MAPK11,8.248135733463106e-55,0.010799532771050955,0.9892004672289478,0.0
MAPK8IP2,1.785887386511379e-223,0.9980412941923947,0.0019587058076045013,0.0
MAPRE3,1.289819391566034e-137,0.6223166740015358,0.3776833259984632,0.0
MASP1,2.935806470685067e-54,0.0006234027904560958,0.9993765972095432,0.0
MATN3,1.90439879846583e-51,0.00019939139457520762,0.9998006086054246,0.0
MBNL2,8.011804756752173e-64,0.9989747606144952,0.0010252393855064272,0.0
MCIDAS,0.0,1.0,2.3856821425238925e-16,0.0
ME3,1.8759404926571875e-08,0.0001144954746498068,0.999885485765945,0.0
MEIS1,0.0,0.9999999995753122,4.2468821297297123e-10,0.0
MESP1,1.2770764049428843e-57,0.031155356986919926,0.9688446430130799,0.0
MFAP4,0.9976667182449374,1.5355867972251644e-07,0.0023331281963825195,0.0
MFAP5,0.007639117226752498,3.6601010798280385e-05,0.992324281762449,0.0
MFSD6L,9.388610351352833e-111,0.005994983684451114,0.9940050163155505,0.0
MGST2,0.9998921637699993,5.490959547601483e-09,0.00010783073904092575,0.0
MIR205HG,2.606925407673205e-50,0.017344587955385318,0.9826554120446146,0.0
MIR302C,0.9999980219477639,1.1410211787691708e-10,1.9779381340273102e-06,0.0
MIR34AHG,3.885984429482152e-59,0.0024166705381633083,0.9975833294618374,0.0
MIR4435-2HG,0.9999943556036477,2.7314927101525826e-10,5.644123203100756e-06,0.0
MIR9-3HG,0.0,1.199027354463465e-35,1.5159716971431039e-218,1.0
MISP,1.0657322858488357e-44,0.0033773122311822838,0.9966226877688162,0.0
MLPH,5.860389294721595e-134,0.10628873801596911,0.8937112619840311,0.0
MMP15,3.559183287769416e-29,0.00014500165360612844,0.999854998346394,0.0
MMP19,5.600944438977638e-31,0.00035181551901798284,0.9996481844809824,0.0
MMP23B,1.9137300162579776e-05,0.0001746964931113619,0.999806166206726,0.0
MOB3C,0.942820509919326,4.408904629593177e-06,0.05717508117604527,0.0
MOBP,2.5226402984675645e-19,0.0008066797315094018,0.9991933202684908,0.0
MOCOS,3.350587501483647e-24,0.00010371183218655022,0.9998962881678142,0.0
MORN2,0.9999989444180326,4.442390146367841e-11,1.055537543491681e-06,0.0
MSGN1,3.8835043816700424e-16,0.0001318922996080562,0.9998681077003914,0.0
MSS51,0.9999984976810452,7.314145565163253e-11,1.5022458133628095e-06,0.0
MST1,0.0014916094211242868,4.320372653539048e-05,0.9984651868523412,0.0
MST1L,3.8055415251634315e-40,9.431041248330683e-05,0.9999056895875171,0.0
MST1P2,6.064716376160649e-37,0.0012488860364923409,0.9987511139635072,0.0
MT1E,0.0,1.0,1.780831012925619e-70,0.0
MT1G,0.0,1.0,2.0002964737716706e-80,0.0
MTHFD2,0.9999974569598514,8.69785385264083e-11,2.542953169996478e-06,0.0
MTSS1,1.245713197682456e-111,0.9817425600539311,0.018257439946070198,0.0
MUC19,0.8363299221263829,7.295690911793076e-06,0.1636627821827051,0.0
MXD4,2.9497824659404045e-44,0.951643183179509,0.04835681682049174,0.0
MXRA5,1.588167038901343e-95,0.30837667937354324,0.6916233206264557,0.0
MYC,1.2433494346313326e-15,0.00011813030623454152,0.9998818696937638,0.0
MYF6,8.369760904395747e-259,0.9983754714537091,0.0016245285462899142,0.0
MYH3,0.9755146150954658,2.581309938186253e-06,0.024482803594596397,0.0
MYL7,2.2194943028754607e-63,0.005461940691363205,0.9945380593086371,0.0
MYL9,0.9925274178733055,3.673717733678458e-07,0.007472214754921197,0.0
MYLK2,2.2782528047284327e-105,0.7457793824693996,0.25422061753060127,0.0
MYOCD,9.659413507500312e-88,0.002327244762206747,0.9976727552377939,0.0
MYOF,2.6527547136250858e-20,0.00015405869825035824,0.9998459413017492,0.0
MYRIP,5.238418981262886e-215,0.019331240271850895,0.9806687597281486,0.0
NACAD,1.0080977311357491e-08,4.1081930202189535e-05,0.9999589079888206,0.0
NBPF10,0.9999934173693681,3.432603410036498e-10,6.582287371777274e-06,0.0
NBPF12,0.9999963361665369,1.8312083735114243e-10,3.663650342203243e-06,0.0
NBPF14,0.9999961180814185,2.1220546928760635e-10,3.881706376018973e-06,0.0
NCAM1,0.0,0.9999999997938929,2.0610857071830711e-10,0.0
NEB,0.8743142900084782,6.317711754301825e-06,0.12567939227976768,0.0
NEDD9,0.9999547994193796,1.5461262264788062e-09,4.519903449427279e-05,0.0
NEFL,0.0,0.9999999999999964,4.9442741952776785e-15,0.0
NEK11,0.9999981455932919,7.333859439338277e-11,1.8543333695786442e-06,0.0
NEURL1,5.605381433266468e-200,0.30536982513502425,0.6946301748649758,0.0
NFATC4,4.3359435057684335e-66,0.0033475263372653207,0.9966524736627332,0.0
NFKBIA,0.9999918272599545,5.239034110969067e-10,8.172216142201461e-06,0.0
NGEF,2.8895724367094365e-29,0.00014865736975120628,0.9998513426302489,0.0
NHLH2,0.0,0.9999996691345615,3.308654372305952e-07,0.0
NKAIN2,0.999996187911715,1.8309040664221897e-10,3.811905194629056e-06,0.0
NKX1-2,3.51057857777e-312,0.9993933665510821,0.0006066334489185189,0.0
NKX2-2,0.0,1.0,4.158221709859241e-39,0.0
NME9,2.9949448215166084e-26,0.002087554440176106,0.9979124455598235,0.0
NMNAT2,1.2052710559078475e-258,0.04976077827181117,0.9502392217281894,0.0
NOS3,0.0,1.0,1.0539270489797305e-17,0.0
NOTO,1.263699923953498e-242,0.7797471622406048,0.22025283775939414,0.0
NPAS4,4.449450624451545e-132,0.08181400976529223,0.9181859902347077,0.0
NPDC1,3.6719776718236874e-201,0.9987330738192225,0.0012669261807774198,0.0
NPHP1,0.9965345408403967,2.0922513834132277e-07,0.003465249934465101,0.0
NPIPB11,0.9999938249916568,3.5194956843814384e-10,6.174656393550827e-06,0.0
NPM2,1.6362720289994751e-124,0.9885480752299367,0.011451924770064651,0.0
NPR1,2.0096442083516596e-52,0.0003121675964105341,0.9996878324035902,0.0
NPR2,0.9986618118399911,6.521011366181863e-08,0.0013381229498952087,0.0
NRBP2,0.9825028725546999,7.268321843395084e-07,0.01749640061311572,0.0
NRN1L,0.9999739941943961,1.6903559018840224e-09,2.6004115247976148e-05,0.0
NRROS,1.0992910203107569e-29,0.00025796449666385025,0.9997420355033367,0.0
NRXN1,1.5988993322172663e-32,0.0001222608205199323,0.9998777391794796,0.0
NT5C2,0.9999983767059953,7.462012753940537e-11,1.6232193844328154e-06,0.0
NT5E,2.8881627275278736e-82,0.002803917224473962,0.9971960827755263,0.0
NTF3,0.0,0.999999998923915,1.0760854120216404e-09,0.0
NTF4,2.389191385e-315,0.9999999990186552,9.813432561236764e-10,0.0
NTN4,1.4669882586979478e-183,0.007149492094457642,0.9928505079055433,0.0
NTNG2,0.0,1.0,1.5427819376121364e-131,0.0
NTS,0.9896005707620326,5.182039551296378e-07,0.010398911034012748,0.0
NUCB2,0.9999906947043425,3.5165883863234977e-10,9.304943998703059e-06,0.0
NUDT8,4.895902910204334e-06,8.553859708907079e-05,0.9999095655000001,0.0
NWD2,0.0,0.9223504162341561,0.07764958376584265,0.0
NXPH3,3.5688674755460924e-93,0.07892296728829216,0.9210770327117092,0.0
NYAP1,0.9985651762158829,9.816847878162362e-08,0.001434725615637982,0.0
ODF3B,1.243746523134978e-251,0.9999963369301861,3.66306981309147e-06,0.0
OLFM1,0.0,1.0,1.2912729331783962e-32,0.0
OLFML2A,2.8037764554227662e-108,0.15078775388172183,0.849212246118277,0.0
OPCML,7.3459377314103185e-140,0.020998058590601595,0.9790019414093966,0.0
OR51M1,0.9988392474803922,7.865669301490059e-08,0.0011606738629152174,0.0
OR51Q1,2.972560701670567e-09,8.487422303827871e-05,0.9999151228044018,0.0
OR52A1,0.9963621256246372,1.7565149066643575e-07,0.0036376987238718227,0.0
OSCP1,0.9999990710730116,4.037787346577327e-11,9.288866105967053e-07,0.0
OSMR,6.650688900128862e-112,0.0006233397810137865,0.9993766602189871,0.0
OTOF,0.0,1.0,3.887131372582083e-48,0.0
OVCH2,2.7881739585890104e-64,0.0004960393914420722,0.9995039606085588,0.0
P2RY6,1.8869406171570268e-40,9.660912805973321e-05,0.9999033908719395,0.0
PACSIN1,3.2360803619907355e-76,0.00041063729264547664,0.9995893627073551,0.0
PAOX,1.8884492712439287e-06,0.00019123801890623813,0.9998068735318233,0.0
PAQR7,0.9999963909700726,1.330813213606283e-10,3.6088968460528757e-06,0.0
PCDH7,9.776717585394722e-84,0.00688724906209043,0.9931127509379095,0.0
PCDH9,1.5153767355817343e-16,3.179078366668228e-05,0.9999682092163337,0.0
PCSK1,7.158236531583233e-217,0.004941960737110965,0.9950580392628899,0.0
PCSK1N,1.890265022223623e-248,0.9999967326787969,3.2673212027742733e-06,0.0
PCSK4,4.3558970334569e-21,0.0002678508480631181,0.999732149151937,0.0
PCSK9,5.082250187468764e-201,0.1710424027754172,0.8289575972245844,0.0
PDE11A,0.0002896627555857664,6.969540982661668e-05,0.9996406418345886,0.0
PDE4B,3.165679640526974e-50,8.882091957011966e-05,0.9999111790804304,0.0
PDE8B,2.9297701205187284e-299,0.9999633168466266,3.6683153373709384e-05,0.0
PDGFB,0.0,1.0,8.424274785702221e-19,0.0
PDIA2,1.1397676766417805e-99,0.09664818113104923,0.9033518188689511,0.0
PDK4,1.195134820145113e-36,0.001689622872753953,0.9983103771272461,0.0
PDZK1,4.2824530444449096e-06,3.8373124756584315e-05,0.9999573444221991,0.0
PDZRN4,2.0371424247468124e-73,0.0006144422175844289,0.9993855577824157,0.0
PEG10,3.0411133887062072e-118,0.0013801111550394477,0.9986198888449604,0.0
PEG13,3.089553847304677e-20,0.00038820044629780075,0.9996117995537024,0.0
PENK,1.90937034390137e-84,0.0015967950569261825,0.9984032049430746,0.0
PGR,1.562015862410538e-144,0.0016993865434609175,0.9983006134565386,0.0
PHLDA3,5.2282444209022943e-45,0.0019193994204767882,0.9980806005795231,0.0
PIFO,7.26983272127347e-09,4.907687458860581e-05,0.9999509158555794,0.0
PIH1D2,0.9999171665853214,3.252616437828248e-09,8.283016206236009e-05,0.0
PIK3R6,1.2039342729799325e-67,0.017563897463803838,0.9824361025361956,0.0
PILRA,0.9999796302130314,8.698341042121715e-10,2.0368917134611175e-05,0.0
PKDCC,1.0439308650963694e-179,0.995642528751036,0.004357471248962694,0.0
PKNOX2,0.0,0.9999996990692166,3.0093078316599915e-07,0.0
PLA2G4C,0.9999621010603313,1.9484455882404163e-09,3.789699122306488e-05,0.0
PLA2R1,1.9190674524167327e-73,0.015165015254558701,0.9848349847454415,0.0
PLCD1,6.302634613569459e-10,0.0003875887962952514,0.9996124105734414,0.0
PLCXD3,4.534116149343346e-48,0.00010897781949365674,0.9998910221805065,0.0
PLEKHA6,2.020417152384422e-177,0.9330490982391016,0.06695090176089825,0.0
PLEKHB1,7.08876245752011e-22,9.209262499337906e-05,0.9999079073750063,0.0
PLEKHD1,0.0,0.9988941672326359,0.0011058327673656673,0.0
PLIN5,2.8435422973462015e-101,0.02563551896730763,0.9743644810326936,0.0
PLK2,0.8195483351851139,5.1789287723253905e-06,0.18044648588611364,0.0
PLLP,1.1524719559566379e-42,0.00014544618800499788,0.9998545538119948,0.0
PLPP2,2.877544144898752e-112,0.04277690463563269,0.9572230953643672,0.0
PLPP5,0.9999978371439209,1.0871830578785943e-10,2.1627473609268996e-06,0.0
PLSCR4,2.0100868786920736e-14,6.057725747099234e-05,0.9999394227425097,0.0
PLXDC1,5.140603998621779e-26,0.00014067029572673893,0.9998593297042725,0.0
PLXNA4,0.0,0.9999999992162998,7.836990825942637e-10,0.0
PNPLA6,0.999998026816426,8.569304216231354e-11,1.973097880954136e-06,0.0
POMC,1.6840506044826772e-270,0.33625689293922584,0.6637431070607743,0.0
POPDC2,0.999997083622606,1.5898319261273764e-10,2.9162184107424644e-06,0.0
PPARA,1.0465949680953275e-36,0.007699066734256412,0.9923009332657432,0.0
PPFIBP2,1.0356269814467881e-66,0.18372945276365324,0.8162705472363484,0.0
PPP1R9B,0.999931913966911,3.3732747338795938e-09,6.808265981438213e-05,0.0
PRDM1,6.0252622752064724e-170,0.8902516789085733,0.10974832109142763,0.0
PRKXP1,0.9999977757321695,1.0355413542799517e-10,2.2241642765749764e-06,0.0
PRMT8,0.0,0.9999999861754603,1.3824539693555395e-08,0.0
PROB1,3.029315053671427e-32,0.0010517028413905443,0.99894829715861,0.0
PROSER2,3.943759647562453e-45,0.0005221880619473577,0.9994778119380523,0.0
PRR29,5.1268838044711734e-161,0.7797523830794316,0.22024761692056682,0.0
PRRG2,0.9999941770903382,2.9548494075658414e-10,5.822614176604537e-06,0.0
PRRT4,5.711539355871982e-176,0.9993721131721242,0.0006278868278758538,0.0
PRSS22,2.7150016629553685e-243,0.980318530411662,0.019681469588337438,0.0
PRSS33,2.09393547630737e-135,0.00335959977113311,0.9966404002288662,0.0
PRSS35,4.072529175715468e-30,8.450326243029023e-05,0.9999154967375701,0.0
PRSS50,1.0302690212556362e-169,0.6821934392381909,0.3178065607618099,0.0
PSAPL1,7.886982397445456e-97,0.9899039661874695,0.010096033812531765,0.0
PSG9,0.9999790578550681,8.302006397072841e-10,2.0941314731045274e-05,0.0
PSKH2,3.7262004563015857e-33,6.299644456529336e-05,0.9999370035554342,0.0
PTAFR,0.9999980158779318,7.739403449702426e-11,1.9840446743182443e-06,0.0
PTCH2,0.43855683040158217,1.6881695552583584e-05,0.561426287902866,0.0
PTCHD4,2.4108622854106333e-41,7.316403745609386e-05,0.9999268359625446,0.0
PTGDR,4.4713271101640595e-69,0.0004745285468399344,0.9995254714531596,0.0
PTGDS,4.439285545383785e-226,0.9999984151993625,1.5848006376898545e-06,0.0
PTGES3L,0.9999982465610858,7.60860726348588e-11,1.7533628280939828e-06,0.0
PTH1R,0.0,1.0,1.8105144866795547e-16,0.0
PTK2B,0.7904668133552916,1.2049808159711418e-05,0.20952113683654894,0.0
PTPRM,1.8573580294295653e-18,7.546824340005172e-05,0.9999245317565996,0.0
PVRIG,0.99997923215164,7.948300236503223e-10,2.0767053529881502e-05,0.0
PVT1,0.9977441521208847,8.135991188886607e-08,0.002255766519203473,0.0
PYY,1.175191502235105e-187,0.9836465280316342,0.016353471968366683,0.0
RAB11B-AS1,0.99999889816766,4.9271662216077436e-11,1.101783068500887e-06,0.0
RAB17,1.3854271054302845e-10,0.00013379277859812015,0.9998662070828599,0.0
RAB26,0.6741636892073216,1.308235789511502e-05,0.32582322843478295,0.0
RAB36,1.3586902041331166e-07,6.415563738478773e-05,0.999935708493595,0.0
RAB3B,9.772191369494064e-53,0.00020152427456171352,0.9997984757254381,0.0
RAB40B,0.00015289423111298453,0.00010158990739495955,0.999745515861492,0.0
RAP2B,0.9999956599421437,1.5844171019172164e-10,4.339899414718102e-06,0.0
RAPGEF3,0.9830205412086999,6.462479713547283e-07,0.016978812543328965,0.0
RASEF,1.3721693539703194e-67,0.0019950900972981293,0.9980049099027035,0.0
RASGRF2,1.3940249425514056e-176,0.14933197078887064,0.8506680292111296,0.0
RASGRP1,1.0028069175777608e-53,0.00013707986337893195,0.9998629201366204,0.0
RASGRP4,5.264740485176792e-128,0.006026704396319778,0.9939732956036811,0.0
RASSF6,3.0936770895813515e-26,0.0003413420874814778,0.999658657912519,0.0
RBM20,2.4291288708750427e-272,0.9987127998439559,0.0012872001560434267,0.0
RBM24,6.076452422355864e-122,0.0021739020456548563,0.9978260979543438,0.0
RBM46,2.027339569089779e-13,6.403888560182301e-05,0.9999359611141956,0.0
RBP1,4.39617025807435e-50,0.00024075364569639467,0.9997592463543035,0.0
RCAN3,2.810179794573393e-114,0.010031113574829838,0.9899688864251697,0.0
REEP6,7.880689453349161e-22,0.0002657255914293837,0.9997342744085707,0.0
RELN,1.7444554414214326e-116,0.0014005707090789053,0.9985994292909208,0.0
RFTN1,3.6458557989095033e-35,0.0015607160592209664,0.9984392839407782,0.0
RGCC,3.4763817614782234e-44,0.000978989702075066,0.9990210102979252,0.0
RGS11,1.1008927914152074e-120,0.4975852026502728,0.5024147973497285,0.0
RGS16,1.0913515865481767e-77,0.009952908091861381,0.9900470919081393,0.0
RGS5,0.9999990331814932,4.441344498824583e-11,9.667740932676693e-07,0.0
RGS7BP,8.947734228663598e-133,0.001367181064724839,0.9986328189352759,0.0
RGS9,1.1277768587314853e-100,0.004437413601947674,0.9955625863980521,0.0
RIPPLY3,3.031927577119365e-65,0.000556613692339898,0.9994433863076606,0.0
RNASE1,3.686792802548879e-75,0.0053118985018420955,0.9946881014981594,0.0
RNF152,7.641949030904196e-67,0.00013697720280751575,0.9998630227971931,0.0
RNF157-AS1,1.514042985566997e-206,0.8889087423650579,0.11109125763494304,0.0
RNF19A,0.9997722613681995,8.50370053442725e-09,0.00022773012810018163,0.0
RNF208,0.9913359320715478,6.285361792162795e-07,0.008663439392272881,0.0
RP1L1,0.0,0.9999266004554114,7.339954458912124e-05,0.0
RPL22L1,0.9999984539386103,7.16534705028434e-11,1.5459897363844659e-06,0.0
RSPH1,7.017380136742678e-37,0.0010498290520208411,0.998950170947979,0.0
RSPH4A,2.3337462432996573e-08,2.6945417856319706e-05,0.999973031244681,0.0
RUNDC3A,5.512181240842163e-285,0.9982360451847635,0.0017639548152373037,0.0
RUNDC3A-AS1,3.7685293452204425e-283,0.9973536517754333,0.002646348224566393,0.0
RYR1,1.711285595553201e-131,0.006069966006414742,0.9939300339935846,0.0
S100A10,1.4239984852940305e-71,0.2403883772570442,0.759611622742955,0.0
S100A6,0.9945282578694671,2.316408914046868e-07,0.0054715104896411945,0.0
S100Z,0.9987219182121158,9.660359752676603e-08,0.0012779851842871042,0.0
S1PR1,1.2515629649582985e-38,0.00018957418880357957,0.9998104258111968,0.0
S1PR3,4.289304939834248e-58,0.0030305400994494686,0.9969694599005499,0.0
SAMD14,3.3645414755652675e-18,3.809024072502667e-05,0.9999619097592748,0.0
SAMD15,0.9999790918085462,1.4743560350114807e-09,2.0906717097657922e-05,0.0
SAMD3,4.587132666411245e-35,0.00012047898899653482,0.9998795210110033,0.0
SBK2,8.097677595556171e-19,0.00020895327360657894,0.9997910467263929,0.0
SBK3,2.938196495881372e-60,0.003727890848744841,0.9962721091512559,0.0
SCN2B,0.0,1.0,2.835801806217594e-36,0.0
SCN3B,1.4173938964877566e-273,0.2801818562821313,0.719818143717869,0.0
SCUBE1,0.0,1.0,1.3049348252390282e-16,0.0
SDC4,4.496138444469925e-07,3.5120350249095124e-05,0.9999644300359056,0.0
SEMA3C,3.2148372258048124e-09,5.539316061949914e-05,0.9999446036245427,0.0
SEMA3D,1.7781543706492376e-15,0.00020246836851560207,0.9997975316314835,0.0
SEMA4A,1.2323648258291816e-22,0.00023770542041147213,0.9997622945795887,0.0
SEMA6D,1.9646579155722421e-115,0.0007446210588464622,0.9992553789411543,0.0
SERPINE1,4.5588061820020356e-108,0.022109193135974283,0.9778908068640274,0.0
SERPINE2,3.490991600879203e-53,0.0014318215795579765,0.998568178420442,0.0
SFMBT2,4.540838156175784e-117,0.06817205262291504,0.9318279473770845,0.0
SFTA1P,3.7069337231044954e-11,6.091329653879066e-05,0.9999390866663923,0.0
SFXN3,1.0418044912473531e-45,0.024156483481607604,0.9758435165183929,0.0
SGIP1,4.309176391816142e-29,0.00014076428174140165,0.9998592357182594,0.0
SH2D1B,0.0004204169265517255,7.936760354980284e-05,0.9995002154698983,0.0
SH2D6,0.9992875211236583,3.326459324982194e-08,0.0007124456117482449,0.0
SH3BP5,0.7841932076652143,1.0892656915655895e-05,0.21579589967786986,0.0
SH3TC1,5.415066748095526e-129,0.08993623308760343,0.9100637669123969,0.0
SHD,1.1732853502726523e-69,0.0006627374357162629,0.9993372625642836,0.0
SHE,3.5533836061409e-310,0.9999997610109831,2.3898901807686753e-07,0.0
SHH,0.0,1.0,6.408407347995624e-22,0.0
SHISA2,8.43146362882853e-110,0.0031532596535676126,0.9968467403464315,0.0
SHISA4,2.62875783591557e-44,0.0013301014627337508,0.9986698985372656,0.0
SHISA6,2.2370221865490513e-209,0.9999999994068176,5.93182747143041e-10,0.0
SHROOM4,0.0,1.0,2.71659765377641e-20,0.0
SIGLEC6,0.0,1.0,1.2938337416701993e-16,0.0
SIX3,0.0,1.4736344511908562e-16,2.3764378671929015e-109,0.9999999999999998
SKINT1L,1.5723681235842183e-13,8.399053152474684e-05,0.9999160094683183,0.0
SLC13A4,3.675439191585723e-16,0.0001529656876904854,0.9998470343123091,0.0
SLC16A9,3.1329802368448125e-104,0.0004630380681365995,0.9995369619318628,0.0
SLC17A7,0.0,1.0,2.5852269418700114e-25,0.0
SLC1A2,0.0,0.21220399588032013,0.7877960041196784,0.0
SLC22A1,0.848591119345391,1.1799545254298423e-05,0.15139708110935501,0.0
SLC22A2,3.1395134128057394e-24,0.0001654791658336479,0.9998345208341658,0.0
SLC22A31,1.1601531459773065e-134,0.01786064732732874,0.9821393526726719,0.0
SLC24A3,2.065010139678857e-76,0.0032786484361872503,0.9967213515638124,0.0
SLC25A34,0.9999815835183127,1.2722971533765975e-09,1.841520939010926e-05,0.0
SLC30A3,0.0,0.9999999786803395,2.1319659552808687e-08,0.0
SLC35E4,0.9999976723817361,8.97010572570749e-11,2.3275285628320237e-06,0.0
SLC35F3,9.610022603647562e-113,0.005057517441253265,0.9949424825587467,0.0
SLC36A2,3.9310861964922227e-140,0.003570390220544463,0.9964296097794554,0.0
SLC38A3,9.023821799766404e-170,0.8525765679894018,0.14742343201059843,0.0
SLC40A1,3.982626556505581e-41,0.04269753696022073,0.9573024630397796,0.0
SLC46A3,0.9766225066994091,1.2306528246674674e-06,0.02337626264776649,0.0
SLC4A11,1.559935150224618e-160,0.5042438479335708,0.4957561520664303,0.0
SLC5A9,3.0379474085865096e-47,0.001068344160305572,0.9989316558396945,0.0
SLC6A17,0.0,1.0,6.391251498201355e-31,0.0
SLC7A10,3.228669640858428e-229,0.9063527818920597,0.09364721810793873,0.0
SLC7A11,0.9999896002162305,4.060111699347417e-10,1.039937775816497e-05,0.0
SLC7A14,8.623428848739967e-232,0.02067698098675855,0.9793230190132426,0.0
SLC7A5,1.6523694289479767e-11,0.00010348256690749366,0.9998965174165689,0.0
SLC8A1,0.9999978208760387,9.330570980822058e-11,2.1790306558068274e-06,0.0
SLC9A9,0.9999963957908936,1.3663855441977145e-10,3.6040724676863793e-06,0.0
SLCO2A1,1.6685809129527207e-31,9.574987122528923e-05,0.9999042501287754,0.0
SLCO4C1,0.993539606546635,1.7415211645953227e-07,0.006460219301248856,0.0
SLIT1,0.0,1.0,4.3155592031108e-23,0.0
SMARCA2,3.081259293824105e-16,0.0006656836013357383,0.9993343163986635,0.0
SMG1P2,0.9999967350317599,1.4062626313442083e-10,3.2648276140028897e-06,0.0
SMIM10L2A,2.4620136129973288e-61,0.09403769133196112,0.905962308668038,0.0
SMOC2,1.2747781588736311e-301,0.9992583540859331,0.0007416459140681815,0.0
SMTNL1,7.078224039274363e-09,4.622871804577287e-05,0.99995376420373,0.0
SNHG12,0.9999980502751142,7.6684552341782e-11,1.9496482013131207e-06,0.0
SNHG17,0.01644248546919133,4.0849219876753504e-05,0.9835166653109323,0.0
SOCS3,2.092113965194714e-53,0.0088446719935025,0.991155328006497,0.0
SORCS1,7.669814109448546e-112,0.0009694971963216134,0.9990305028036779,0.0
SOX10,1.4897263253877878e-12,0.0003182785929478478,0.9996817214055627,0.0
SOX15,0.9999982332219948,8.032033247908817e-11,1.7666976849786106e-06,0.0
SOX17,0.0,1.0,1.3644245255090335e-75,0.0
SOX7,0.0,0.9999999999746763,2.532397742701342e-11,0.0
SP140,0.9999674021737528,1.1518721817984617e-09,3.2596674374953515e-05,0.0
SPACA9,1.1562642053766025e-28,0.00034099498429888026,0.9996590050157014,0.0
SPAG1,0.9999173141665316,2.5122930516477983e-09,8.268332117546465e-05,0.0
SPAG6,0.0,0.9999999996336264,3.6637301999095613e-10,0.0
SPAG8,0.9999852725066967,7.920704565992574e-10,1.4726701232755011e-05,0.0
SPATA17,0.008367934612195212,5.1116500226090296e-05,0.991580948887579,0.0
SPATA18,3.261620961223476e-115,0.0017588107223960605,0.9982411892776039,0.0
SPHK1,6.023692281408775e-21,0.00012531952099584403,0.9998746804790046,0.0
SPIRE2,9.188263961641323e-05,6.854184819500763e-05,0.9998395755121877,0.0
SPOCK2,1.7309400394520884e-104,0.06896740680787372,0.9310325931921253,0.0
SPON2,2.0136154793077237e-06,0.0006627126271137555,0.9993352737574078,0.0
SRRM4,0.0,0.9999999999979003,2.0996913464956084e-12,0.0
SRY,2.1428898669272017e-09,0.00015546089397926695,0.9998445369631315,0.0
SST,6.7776949334182206e-217,0.16260852553210955,0.8373914744678889,0.0
SSTR3,1.671188870976328e-202,0.9989311000082234,0.0010688999917772453,0.0
ST3GAL6,5.83286254238631e-45,0.003916885350131613,0.996083114649869,0.0
ST6GALNAC2,9.359559769448911e-78,0.16082081066697101,0.8391791893330298,0.0
ST6GALNAC5,4.696166833491095e-91,9.162407986250909e-05,0.999908375920137,0.0
STARD9,2.4345475171320737e-06,6.190749001642094e-05,0.9999356579624668,0.0
STC2,0.0,0.9870225415863316,0.012977458413668408,0.0
STEAP1B,0.9866138681975619,4.176397103918001e-07,0.013385714162728067,0.0
STEAP3,2.107481836175621e-49,0.02321264838716102,0.9767873516128396,0.0
STK31,0.9999955098072311,2.116832048288955e-10,4.489981085570119e-06,0.0
STK32B,1.4645858965487138e-46,0.0006912905556488706,0.9993087094443517,0.0
STMN3,2.736628618454545e-10,0.0001392507507074522,0.9998607489756303,0.0
STRIP2,3.764872564153032e-15,5.1242006732607054e-05,0.9999487579932631,0.0
SULF2,9.156217611828113e-70,0.0003644453190788159,0.9996355546809216,0.0
SULT1C4,0.9999212616313237,3.9887783219733646e-09,7.873437989819473e-05,0.0
SYCP2L,1.5484157822709644e-259,0.02176518128153869,0.9782348187184605,0.0
SYN1,4.981845455034256e-190,0.9999890375658049,1.0962434195556697e-05,0.0
SYNPO,5.408389088100677e-92,0.005338994345386187,0.9946610056546124,0.0
SYNPR,3.3814635464394907e-143,0.002035269649729247,0.9979647303502727,0.0
SYP,1.2227705995330396e-110,0.99990889967484,9.110032516001917e-05,0.0
SYT5,0.0,0.9999999999999964,4.109482958195342e-15,0.0
SYTL3,0.9999751846032394,1.0395044689089606e-09,2.481435725601124e-05,0.0
TAC1,3.8993523776435994e-188,0.0103762228017606,0.989623777198239,0.0
TACR3,8.986750346528888e-10,3.093779606064669e-05,0.9999690613052635,0.0
TAGLN,0.9999517521141372,3.0295296145054382e-09,4.824485633322773e-05,0.0
TAS2R5,0.9999988360643685,5.488917839761303e-11,1.163880742414426e-06,0.0
TBC1D3L,0.9999930807736913,4.02222753631955e-10,6.918824085915697e-06,0.0
TBX10,4.682932040124271e-28,8.407693918828201e-05,0.9999159230608113,0.0
TBX3,0.0,1.0,2.346756328078035e-78,0.0
TBXA2R,2.2222945720403943e-14,0.0001597630882292606,0.9998402369117485,0.0
TCHH,0.0,0.9999999999999822,1.931507468140889e-14,0.0
TCP11L1,0.9999989574626696,4.059776578537599e-11,1.0424967326112916e-06,0.0
TDRD7,2.1146378454288566e-50,0.00021111638845346348,0.9997888836115456,0.0
TEK,0.02203002835941888,4.823779213026098e-05,0.9779217338484508,0.0
TEKT1,0.0,0.9999781550716734,2.1844928326115052e-05,0.0
TEKT2,2.3262827356835052e-20,0.0013533891135161329,0.9986466108864831,0.0
TEPP,2.3751721810401597e-127,0.06453578362141703,0.9354642163785848,0.0
TESC,2.343924035427715e-305,0.9326627089538692,0.06733729104613151,0.0
TEX15,0.0,1.0,1.2854527976540055e-21,0.0
TFAP2E,2.800353252293508e-98,0.09593523989475869,0.9040647601052418,0.0
TFF3,3.090589242149728e-281,0.9999999741191846,2.5880814844433637e-08,0.0
THAP9-AS1,0.999997502040781,1.485892505176203e-10,2.4978106299234137e-06,0.0
THBD,0.0,1.0,8.628190850139257e-19,0.0
THBS2,1.8810951784321028e-73,0.0006851887966096706,0.9993148112033908,0.0
THPO,5.506785423706792e-157,0.24778699089051232,0.7522130091094881,0.0
THSD7B,1.337268567467735e-140,0.004406243352243533,0.9955937566477556,0.0
TIGD3,1.3035470072246735e-12,0.00021348915167747947,0.9997865108470188,0.0
TLE2,1.0878090670978613e-53,0.0627862048433477,0.9372137951566516,0.0
TLE6,1.321767258271528e-41,0.025590041505121636,0.9744099584948771,0.0
TLL1,2.2378076655045796e-119,0.0004937645048638659,0.9995062354951355,0.0
TLR8-AS1,9.824736162535689e-29,0.0842580528063223,0.9157419471936787,0.0
TMC1,0.9998065328102643,3.234967464719658e-08,0.00019343484006113597,0.0
TMEM119,1.541655622272053e-17,0.0008838519895921537,0.999116148010407,0.0
TMEM121,4.857027750268987e-109,0.9891119030710817,0.01088809692891995,0.0
TMEM125,1.6619866073921685e-41,0.00012797395057562982,0.9998720260494247,0.0
TMEM145,1.7840589569974024e-47,0.0003127513710474833,0.9996872486289518,0.0
TMEM151A,5.442985912573206e-45,0.0002933822042360927,0.9997066177957635,0.0
TMEM151B,0.0,0.9999999999999964,2.0201450139780386e-15,0.0
TMEM190,6.229790754e-314,0.9999835543056662,1.6445694332618245e-05,0.0
TMEM200B,4.40945811694132e-43,0.00015135062679621318,0.9998486493732031,0.0
TMEM229B,0.0,0.9999906470128279,9.352987173741082e-06,0.0
TMEM269,3.2891704161861816e-09,6.362650289359947e-05,0.9999363702079358,0.0
TMEM86B,0.9999975910110052,1.2608902939578713e-10,2.408862905697631e-06,0.0
TMEM92,1.696066932391769e-171,0.9999921279579077,7.872042090900462e-06,0.0
TMOD1,1.5531886203111122e-117,0.24134850081687964,0.7586514991831196,0.0
TMTC1,1.2200539801163242e-29,6.290053773309987e-05,0.9999370994622672,0.0
TNC,1.976300792099172e-138,0.6326400758045244,0.36735992419547464,0.0
TNFAIP2,7.905746846621531e-38,0.0012937653298439591,0.9987062346701556,0.0
TNFRSF10C,3.297592106304719e-103,0.0063100294254047565,0.9936899705745953,0.0
TNFRSF18,8.764399427956602e-69,0.012094422199480714,0.9879055778005191,0.0
TNFRSF1B,2.238987192128632e-137,0.9968297656957419,0.0031702343042573186,0.0
TNFSF10,0.9999888761759687,4.914892238030584e-10,1.1123332542359855e-05,0.0
TNFSF14,2.2199303434557746e-74,0.00941997454617039,0.9905800254538305,0.0
TNFSF9,2.0028900998975727e-42,0.0001631127821096859,0.9998368872178899,0.0
TNNT2,0.0,0.9999999999999432,5.525632630670531e-14,0.0
TOM1L2,0.9999980043688992,8.29737279099398e-11,1.995548127126467e-06,0.0
TP53INP1,0.9999979035458975,9.321529833655712e-11,2.096360887244902e-06,0.0
TP53INP2,3.058596583677719e-09,0.00011359947101668547,0.999886397470386,0.0
TPH1,3.1582506382706e-61,0.00015168829474122093,0.9998483117052592,0.0
TPM2,0.9999969648325022,1.0902359245286653e-10,3.0350584741492153e-06,0.0
TPSD1,4.1648804220107334e-152,0.9992392256649392,0.0007607743350617696,0.0
TRABD2A,7.173091749839014e-77,0.0070497162364970235,0.9929502837635019,0.0
TRADD,0.0,1.0,1.3198970662836813e-26,0.0
TRAF1,0.9999385862882189,2.6987133247008054e-09,6.141101306794168e-05,0.0
TRDN,0.9999930358543594,3.2840864677747586e-10,6.963817232116258e-06,0.0
TRIM36,0.0,0.999984010511166,1.5989488833149725e-05,0.0
TRIM54,2.3213364938178084e-200,0.9320812260002427,0.06791877399975614,0.0
TRIM67,0.0,0.9999999959827228,4.01727761806513e-09,0.0
TRPC4,5.6840774800635355e-55,0.0016790796530918443,0.9983209203469076,0.0
TRPC6,4.291880857468588e-44,0.00016128451644067588,0.9998387154835594,0.0
TRPC7,4.583161365244126e-12,7.833803476538189e-05,0.9999216619606512,0.0
TRPM2,5.097155445750016e-172,0.7548581587375729,0.2451418412624281,0.0
TRPV1,0.9999936063966457,3.85222261953946e-10,6.393218131968608e-06,0.0
TRPV3,7.680091947402414e-16,0.00043545518165685537,0.9995645448183423,0.0
TSEN15,9.351985911125699e-38,0.00021449177118004368,0.9997855082288208,0.0
TSHR,4.1585999595986475e-33,0.00024022042273978602,0.9997597795772604,0.0
TSHZ1,3.623977212899058e-27,0.024730190120916474,0.9752698098790836,0.0
TSIX,6.2112582221622326e-248,0.9999999999999964,4.676270920694396e-15,0.0
TSNAXIP1,0.9999988475777056,4.987555458220182e-11,1.1523724189216331e-06,0.0
TSPAN11,8.346364642753896e-191,0.9793222737714848,0.02067772622851504,0.0
TSPAN12,6.040525765903278e-100,0.0021007906455170196,0.997899209354483,0.0
TSPAN7,3.060917180680084e-154,0.9999987863224444,1.2136775546462466e-06,0.0
TSPEAR-AS1,4.859509182462111e-148,0.9996710300544526,0.0003289699455460682,0.0
TSPEAR-AS2,5.287391891241769e-180,0.999995129284286,4.870715713541542e-06,0.0
TSPOAP1,3.003124455358047e-133,0.04441659832212526,0.9555834016778763,0.0
TTBK1,0.0,0.9999999302540654,6.97459334930507e-08,0.0
TTC29,1.3887226199496315e-93,0.002226160164466283,0.997773839835533,0.0
TTC30B,0.9998183012857037,6.467909968393134e-09,0.000181692246386356,0.0
TTC9,2.9978040052280423e-134,0.0054256521960132816,0.9945743478039871,0.0
TTLL10,0.0,0.9999999616193954,3.8380603458772785e-08,0.0
TTLL9,0.0,0.9999963109450125,3.6890549884954996e-06,0.0
TUBB3,6.237426692356008e-139,0.5303640224390213,0.4696359775609796,0.0
TWIST1,0.0,1.0,5.480134068481934e-52,0.0
TYMP,6.396001420837567e-252,0.9999971120025919,2.887997406359973e-06,0.0
TYRO3,7.905983944270332e-10,7.474003121517394e-05,0.9999252591781861,0.0
TYW1B,0.9999981914070496,9.11745047635467e-11,1.8085017758718041e-06,0.0
UAP1L1,4.40642291628627e-63,0.17872862753574306,0.8212713724642567,0.0
UBXN10,0.0,0.9999999999998508,1.4929702273798495e-13,0.0
UCP3,0.9999877895967927,5.996662740566762e-10,1.2209803540966034e-05,0.0
ULBP1,0.0,1.0,1.0110193857938488e-121,0.0
UMODL1,2.616738123699579e-106,0.003954996167913055,0.9960450038320863,0.0
UNC13C,3.514675665297342e-33,8.329826912115334e-05,0.9999167017308789,0.0
UNC5B-AS1,2.7080311983533182e-132,0.007447497391773822,0.9925525026082259,0.0
USH2A,0.9985403859386767,6.869471327065278e-08,0.0014595453666100535,0.0
USHBP1,0.9999777186688598,9.081084911609562e-10,2.2280423031863124e-05,0.0
USP49,0.9999989248730945,5.1657386938564284e-11,1.0750752482956572e-06,0.0
UTF1,0.0,1.0,4.36095037419284e-33,0.0
VAV3,0.999926305936296,9.772022729613794e-09,7.368429168138543e-05,0.0
VGF,0.0,1.0,1.3728532112781628e-16,0.0
VIL1,1.1790139484624574e-11,4.735589908220499e-05,0.9999526440891269,0.0
VIPR2,0.0475991927687536,0.0001529211946166247,0.9522478860366305,0.0
VIT,0.9991509467677828,3.6081862787564154e-08,0.0008490171503539717,0.0
VMAC,0.9999990085937943,4.289117212553432e-11,9.913633147675021e-07,0.0
VSIG2,0.0,1.0,8.279284581193361e-38,0.0
VSTM2L,0.0,0.9999999999999964,4.365221375113321e-15,0.0
VTN,7.534178268466144e-30,0.0006673340313757075,0.999332665968625,0.0
VWA3A,5.535628967905151e-27,0.0002492293985477677,0.9997507706014521,0.0
VWA3B,3.2740845889151057e-43,0.00011017197168683146,0.9998898280283135,0.0
VWDE,8.023695559058939e-35,0.00017384951455221766,0.9998261504854474,0.0
VWF,1.1278354235523662e-13,0.0004647828296438432,0.9995352171702433,0.0
WDR38,0.8246012732992987,5.702995181105723e-06,0.17539302370552007,0.0
WDR86-AS1,3.879513584508677e-204,0.9651779110928648,0.034822088907135874,0.0
WFDC2,1.0556433497820634e-305,0.9955566858959418,0.004443314104058429,0.0
WFIKKN1,0.9907792378373783,8.872974366430862e-07,0.009219874865184715,0.0
WFIKKN2,9.9319607621684e-61,0.003376972475978822,0.9966230275240207,0.0
WNT3A,0.0,0.9999999999999929,6.953770916100187e-15,0.0
WNT4,1.293266506436098e-267,0.9726166617583447,0.027383338241654308,0.0
WNT5B,9.650364605116932e-11,0.0002608059401817205,0.9997391939633147,0.0
WNT8A,3.154767801243311e-26,0.00013512898901609508,0.9998648710109832,0.0
XDH,9.186567918248405e-05,7.29451890076382e-05,0.9998351891318091,0.0
XG,5.039669281709017e-13,0.00011455689464438319,0.9998854431048508,0.0
XKR4,1.1771596661159008e-127,0.0036942587701827246,0.9963057412298185,0.0
YPEL3,0.9999951713260185,2.2560050491150016e-10,4.828448381067322e-06,0.0
ZAP70,9.711231155577053e-17,0.0002773369635745784,0.9997226630364248,0.0
ZBBX,2.0030019205164632e-05,3.22041835837942e-05,0.9999477657972119,0.0
ZBTB7C,0.0,0.9999999999990301,9.703912941846485e-13,0.0
ZCCHC12,3.3795693049875455e-304,0.9999531744620036,4.6825537996977635e-05,0.0
ZDHHC15,0.007081381961935575,0.00019188772133945758,0.9927267303167253,0.0
ZMYND10,1.4773573656802576e-05,0.00015095574320803866,0.9998342706831347,0.0
ZNF157,1.017291660365515e-33,0.18751746585291032,0.8124825341470908,0.0
ZNF18,0.9999894399475842,3.8799193143571427e-10,1.0559664423943305e-05,0.0
ZNF37A,0.9999477531256207,2.2631565046717705e-09,5.2244611222911975e-05,0.0
ZNF383,0.999998782164761,5.112065288105822e-11,1.2177841181834174e-06,0.0
ZNF385C,1.690285915425158e-154,0.9890392233176091,0.010960776682390488,0.0
ZSCAN12,4.071939623143503e-09,3.685973675747809e-05,0.9999631361913031,0.0
